X,Y,Z
0,7367561;-0,2216828;-0,8212021
0,7367561;-0,2216828;-0,8212021
0,7368845;-0,2232035;-0,8104416
0,7367846;-0,230148;-0,8188187
0,7367846;-0,230148;-0,8188187
0,7367846;-0,230148;-0,8188187
0,6932707;-0,197371;-0,7008713
0,7328255;-0,2342712;-0,7237732
0,7390091;-0,2029244;-0,5975083
0,7379868;-0,2397671;-0,6183731
0,689614;-0,2425937;-0,5944443
0,7286672;-0,2371558;-0,6395233
0,6767265;-0,2317893;-0,6802139
0,7179386;-0,2317893;-0,6822052
0,668483;-0,2317893;-0,679834
0,6603676;-0,2332967;-0,6686951
0,7015816;-0,2332967;-0,6706558
0,6545109;-0,192435;-0,6174545
0,6442568;-0,2264864;-0,6594818
0,6360096;-0,2264864;-0,6591156
0,6278901;-0,2279895;-0,6479904
0,6691246;-0,2279895;-0,6498825
0,6196427;-0,2279895;-0,6476303
0,6165735;-0,1953876;-0,5318069
0,6039619;-0,2225558;-0,6276841
0,6509809;-0,2391967;-0,5002961
0,5995826;-0,2351879;-0,5304245
0,5917381;-0,2366076;-0,51931
0,6363694;-0,2464705;-0,4457688
0,5869672;-0,1999893;-0,4358277
0,5772445;-0,2355127;-0,4671036
0,5693604;-0,2369549;-0,4559922
0,5614679;-0,2384004;-0,4449005
0,5529942;-0,1903556;-0,4475647
0,5429084;-0,2244595;-0,489595
0,5347286;-0,2259537;-0,4785065
0,5264197;-0,2259537;-0,4781845
0,5227163;-0,1935795;-0,3624634
0,463149;-0,2291548;-0,3917755
0,4992774;-0,2392639;-0,317778
0,3004991;-0,2275476;-0,04392853
0,3995147;-0,2356138;-0,284227
0,4811502;-0,2282739;-0,3410507
0,4332698;-0,2371076;-0,2746933
0,3750173;-0,2386067;-0,2619217
0,4105303;-0,1991228;-0,2015686
0,3507127;-0,2347861;-0,2311829
0,3824047;-0,2273584;-0,286142
0,3277667;-0,2522112;-0,16353
0,307569;-0,238776;-0,2598831
0,3431266;-0,2477682;-0,1964355
0,3365586;-0,2082856;-0,134642
0,2766719;-0,2439875;-0,1644714
0,310555;-0,2455217;-0,1547562
0,2520252;-0,2485405;-0,1315674
0,2859314;-0,2500836;-0,1218094
0,2759817;-0,2424804;-0,1753784
0,2204707;-0,2608064;-0,04472809
0,2512333;-0,2455347;-0,1532303
0,1967935;-0,2229378;0,02810363
0,1775502;-0,2510234;-0,05687103
0,2115399;-0,2525927;-0,04700165
0,2524811;-0,244858;-0,1018036
0,2034268;-0,2556421;-0,02530213
0,1936633;-0,2478859;-0,07888184
0,135914;-0,2572197;-0,01302033
0,1685037;-0,2494415;-0,06760254
0,1614467;-0,2588017;-0,002914429
0,1531647;-0,2603886;0,007997129
0,1435205;-0,2525661;-0,04559479
0,08551593;-0,2619788;0,0201004
0,1182934;-0,2541349;-0,03437958
0,1110632;-0,2635739;0,03027954
-0,0002537221;-0,255708;-0,02145233
0,07607608;-0,255708;-0,02292633
0,1186109;-0,2571804;-0,01291504
0,06883698;-0,2666458;0,05248108
0,008484863;-0,258758;-0,0003036499
0,04242776;-0,258758;-0,0008972168
0,03394151;-0,258758;-0,0007858276
0,02535522;-0,2657093;-0,009042359
-0,03404805;-0,2657093;-0,008197022
0,05081334;-0,2657093;-0,009448242
-0,05089321;-0,2671773;0,002748108
0,03396926;-0,2671773;0,001557922
-0,01694865;-0,2671773;0,002235413
-0,02543511;-0,2671773;0,002330017
-0,03392189;-0,2671773;0,00242157
0,008510184;-0,2671773;0,001887512
-0,04228017;-0,2686409;0,01326904
-0,05076678;-0,2686409;0,01336212
-0,008334351;-0,2686409;0,01285858
-0,05925355;-0,2686409;0,01342621
-0,01682088;-0,2686409;0,01295319
-0,06774022;-0,2686409;0,01351166
-0,02530744;-0,2686409;0,01304626
-0,07622722;-0,2686409;0,01357727
-0,03432884;-0,2606346;-0,04060517
-0,0846695;-0,2685225;0,01366425
-0,04225841;-0,2685225;0,013237
-0,04225841;-0,2685225;0,013237
-0,09315193;-0,2685225;0,01373138
-0,1016344;-0,2685225;0,01378632
-0,05922295;-0,2685225;0,01339722
-0,05968243;-0,3095507;-0,03738708
-0,1107297;-0,2659208;-0,05913544
-0,06787123;-0,2737872;-0,005744934
-0,06787123;-0,2737872;-0,005744934
-0,1187179;-0,2737872;-0,005323791
-0,07631703;-0,2821968;-0,003274536
-0,07631703;-0,2821968;-0,003274536
-0,07631703;-0,2821968;-0,003274536
-0,07631703;-0,2821968;-0,003274536
-0,07631703;-0,2821968;-0,003274536
-0,127668;-0,2727841;-0,06737976
-0,08487554;-0,280628;-0,01395874
-0,0847471;-0,2820785;-0,003189087
-0,0847471;-0,2820785;-0,003189087
-0,03392675;-0,2820785;-0,003601074
-0,07627704;-0,2820785;-0,003257751
-0,07627704;-0,2820785;-0,003257751
-0,07627704;-0,2820785;-0,003257751
-0,07627704;-0,2820785;-0,003257751
-0,07627704;-0,2820785;-0,003257751
-0,07627704;-0,2820785;-0,003257751
-0,07627704;-0,2820785;-0,003257751
-0,07614861;-0,2835244;0,007511902
-0,07614861;-0,2835244;0,007511902
-0,07614861;-0,2835244;0,007511902
-0,02542818;-0,2904826;-0,001283264
-0,06733983;-0,249455;0,04986877
-0,06770527;-0,2836447;0,007540894
-0,06770527;-0,2836447;0,007540894
-0,06770527;-0,2836447;0,007540894
-0,06770527;-0,2836447;0,007540894
-0,06881963;-0,2648976;-0,1215118
-0,06776253;-0,2819618;-0,003198242
-0,01814238;-0,2633205;-0,1327179
-0,05949251;-0,2788549;-0,02478485
-0,06007637;-0,2695732;-0,08932038
-0,06004524;-0,2694903;-0,08931427
-0,008877244;-0,2772027;-0,03599396
-0,0004305504;-0,2772027;-0,03609924
-0,04266491;-0,2772027;-0,03568726
-0,04276464;-0,2841643;-0,0440506
-0,04276464;-0,2841643;-0,0440506
0,00791638;-0,2841643;-0,04456329
-0,0343178;-0,2841643;-0,04413605
-0,0343178;-0,2841643;-0,04413605
0,01649153;-0,2855971;-0,03389435
-0,02574253;-0,2855971;-0,03345184
-0,02643261;-0,2763681;-0,09799652
-0,02664733;-0,2818218;-0,1171143
-0,02607226;-0,2894903;-0,06332703
0,02455525;-0,2894903;-0,0638855
-0,01822269;-0,2817423;-0,1171921
-0,01905885;-0,271116;-0,1925217
-0,01786425;-0,2863438;-0,08492432
-0,01796393;-0,2933123;-0,09328156
-0,01852784;-0,3343405;-0,144075
-0,01805792;-0,3001503;-0,1017471
-0,01792943;-0,3015743;-0,09097443
-0,01792943;-0,3015743;-0,09097443
-0,01792943;-0,3015743;-0,09097443
-0,01802907;-0,3085462;-0,09932861
-0,01871703;-0,3078443;-0,16147
-0,01811967;-0,315425;-0,1076675
-0,01821923;-0,3224036;-0,1160172
-0,01821923;-0,3224036;-0,1160172
-0,01821923;-0,3224036;-0,1160172
-0,01821923;-0,3224036;-0,1160172
-0,01819026;-0,330801;-0,1135895
-0,01890709;-0,3217299;-0,1781616
-0,01830974;-0,3292892;-0,1243515
-0,01830974;-0,3292892;-0,1243515
-0,01828074;-0,3376855;-0,1219193
-0,01828074;-0,3376855;-0,1219193
-0,01771684;-0,2966573;-0,0711258
-0,01828623;-0,3378364;-0,1217941
-0,01828623;-0,3378364;-0,1217941
-0,01828623;-0,3378364;-0,1217941
-0,01838565;-0,3448287;-0,1301315
-0,01838565;-0,3448287;-0,1301315
-0,01838565;-0,3448287;-0,1301315
-0,01848505;-0,3518244;-0,1384674
-0,01848505;-0,3518244;-0,1384674
-0,01835656;-0,3532309;-0,1276917
-0,01835656;-0,3532309;-0,1276917
-0,01835656;-0,3532309;-0,1276917
-0,01845591;-0,36023;-0,136023
-0,01845591;-0,36023;-0,136023
-0,01842673;-0,3686345;-0,133577
-0,01842673;-0,3686345;-0,133577
-0,01852603;-0,3756405;-0,1419037
-0,01852603;-0,3756405;-0,1419037
-0,01852603;-0,3756405;-0,1419037
-0,01852603;-0,3756405;-0,1419037
-0,01862528;-0,3826497;-0,1502258
-0,01862528;-0,3826497;-0,1502258
-0,01787918;-0,4001313;-0,08320771
-0,01847653;-0,392572;-0,1370102
-0,01847653;-0,392572;-0,1370102
-0,01857572;-0,399588;-0,1453278
-0,01857572;-0,399588;-0,1453278
-0,01857572;-0,399588;-0,1453278
-0,01867487;-0,4066075;-0,1536423
-0,01854634;-0,4080009;-0,142865
-0,01864548;-0,4150237;-0,1511765
-0,01874456;-0,42205;-0,1594864
-0,01874456;-0,42205;-0,1594864
-0,01874456;-0,42205;-0,1594864
-0,01874456;-0,42205;-0,1594864
-0,0187151;-0,4304686;-0,1570145
-0,0187151;-0,4304686;-0,1570145
-0,0187151;-0,4304686;-0,1570145
-0,01881411;-0,4375016;-0,1653183
-0,01881411;-0,4375016;-0,1653183
-0,01878457;-0,4459226;-0,1628403
-0,01878457;-0,4459226;-0,1628403
-0,01878457;-0,4459226;-0,1628403
-0,01888352;-0,4529623;-0,171138
-0,01888352;-0,4529623;-0,171138
-0,01888352;-0,4529623;-0,171138
-0,01888352;-0,4529623;-0,171138
-0,01898243;-0,4600056;-0,1794327
-0,01898243;-0,4600056;-0,1794327
-0,01898243;-0,4600056;-0,1794327
-0,01908131;-0,4670521;-0,1877243
-0,01908131;-0,4670521;-0,1877243
-0,01908131;-0,4670521;-0,1877243
-0,01908131;-0,4670521;-0,1877243
-0,01918015;-0,4741021;-0,1960129
-0,01918015;-0,4741021;-0,1960129
-0,01918015;-0,4741021;-0,1960129
-0,01918015;-0,4741021;-0,1960129
-0,01927898;-0,4811554;-0,2042999
-0,01927898;-0,4811554;-0,2042999
-0,01927898;-0,4811554;-0,2042999
-0,01927898;-0,4811554;-0,2042999
-0,01937776;-0,4882121;-0,2125824
-0,01937776;-0,4882121;-0,2125824
-0,01937776;-0,4882121;-0,2125824
-0,01947651;-0,4952722;-0,2208633
-0,01947651;-0,4952722;-0,2208633
-0,01957521;-0,5023357;-0,2291412
-0,01957521;-0,5023357;-0,2291412
-0,01957521;-0,5023357;-0,2291412
-0,01957521;-0,5023357;-0,2291412
-0,0196739;-0,5094026;-0,2374161
-0,0196739;-0,5094026;-0,2374161
-0,0196739;-0,5094026;-0,2374161
-0,0196739;-0,5094026;-0,2374161
-0,01977253;-0,5164728;-0,2456879
-0,01977253;-0,5164728;-0,2456879
-0,01977253;-0,5164728;-0,2456879
-0,01987114;-0,5235464;-0,2539566
-0,01987114;-0,5235464;-0,2539566
-0,01987114;-0,5235464;-0,2539566
-0,01996973;-0,5306234;-0,2622223
-0,01996973;-0,5306234;-0,2622223
-0,01984117;-0,5320035;-0,2514435
-0,01993973;-0,5390839;-0,2597061
-0,01937597;-0,4980351;-0,208931
-0,01984577;-0,5322424;-0,2512436
-0,01984577;-0,5322424;-0,2512436
-0,01994426;-0,5393261;-0,2595032
-0,01994426;-0,5393261;-0,2595032
-0,01994426;-0,5393261;-0,2595032
-0,0199142;-0,547789;-0,2569809
-0,0199142;-0,547789;-0,2569809
-0,0199142;-0,547789;-0,2569809
-0,01935072;-0,5067196;-0,2062241
-0,0199187;-0,5480346;-0,2567764
-0,0199187;-0,5480346;-0,2567764
-0,02001712;-0,5551284;-0,2650284
-0,02001712;-0,5551284;-0,2650284
-0,01945379;-0,5140378;-0,2142899
-0,01992323;-0,5482799;-0,256572
-0,01989303;-0,5567485;-0,2540405
-0,01989303;-0,5567485;-0,2540405
-0,01989303;-0,5567485;-0,2540405
-0,01999137;-0,5638491;-0,2622864
-0,01999137;-0,5638491;-0,2622864
-0,01942818;-0,5227385;-0,2115662
-0,01989751;-0,5569973;-0,253833
-0,01989751;-0,5569973;-0,253833
-0,01989751;-0,5569973;-0,253833
-0,01986723;-0,5654683;-0,2512955
-0,01986723;-0,5654683;-0,2512955
-0,01930432;-0,5243365;-0,2005936
-0,01977341;-0,5586129;-0,2428452
-0,01977341;-0,5586129;-0,2428452
-0,01977341;-0,5586129;-0,2428452
-0,01987169;-0,5657202;-0,2510849
-0,01987169;-0,5657202;-0,2510849
-0,01987169;-0,5657202;-0,2510849
-0,01930892;-0,5245678;-0,2003922
-0,01977789;-0,5588614;-0,2426361
-0,01977789;-0,5588614;-0,2426361
-0,01977789;-0,5588614;-0,2426361
-0,01977789;-0,5588614;-0,2426361
-0,0193135;-0,524799;-0,2002075
-0,01978235;-0,5591099;-0,2424286
-0,01921988;-0,5179163;-0,1917725
-0,01968861;-0,5522443;-0,2339859
-0,01978681;-0,5593583;-0,2422196
-0,01978681;-0,5593583;-0,2422196
-0,01978681;-0,5593583;-0,2422196
-0,01978681;-0,5593583;-0,2422196
-0,01922462;-0,5181436;-0,1915817
-0,01969311;-0,5524892;-0,2337799
-0,01969311;-0,5524892;-0,2337799
-0,01969311;-0,5524892;-0,2337799
-0,01969311;-0,5524892;-0,2337799
-0,01969311;-0,5524892;-0,2337799
-0,01922922;-0,5183719;-0,1913925
-0,0196976;-0,5527342;-0,2335754
-0,0196976;-0,5527342;-0,2335754
-0,0196976;-0,5527342;-0,2335754
-0,0196976;-0,5527342;-0,2335754
-0,0196976;-0,5527342;-0,2335754
-0,0196976;-0,5527342;-0,2335754
-0,0196976;-0,5527342;-0,2335754
-0,01913583;-0,5114788;-0,1829651
-0,01960397;-0,5458583;-0,2251404
-0,01960397;-0,5458583;-0,2251404
-0,01960397;-0,5458583;-0,2251404
-0,01960397;-0,5458583;-0,2251404
-0,01960397;-0,5458583;-0,2251404
-0,01960397;-0,5458583;-0,2251404
-0,01960397;-0,5458583;-0,2251404
-0,01960397;-0,5458583;-0,2251404
-0,01960397;-0,5458583;-0,2251404
-0,01970208;-0,552979;-0,2333679
-0,01970208;-0,552979;-0,2333679
-0,01970208;-0,552979;-0,2333679
-0,01970208;-0,552979;-0,2333679
-0,02825644;-0,552979;-0,2332642
-0,02825644;-0,552979;-0,2332642
-0,02825644;-0,552979;-0,2332642
-0,02825644;-0,552979;-0,2332642
-0,02825644;-0,552979;-0,2332642
-0,02825644;-0,552979;-0,2332642
-0,02825644;-0,552979;-0,2332642
-0,02825644;-0,552979;-0,2332642
-0,02825644;-0,552979;-0,2332642
-0,02825644;-0,552979;-0,2332642
-0,02825644;-0,552979;-0,2332642
-0,02812345;-0,5543416;-0,2224838
-0,02812345;-0,5543416;-0,2224838
-0,02812345;-0,5543416;-0,2224838
-0,03667333;-0,5543416;-0,2223755
-0,03667333;-0,5543416;-0,2223755
-0,03667333;-0,5543416;-0,2223755
-0,03667333;-0,5543416;-0,2223755
-0,03667333;-0,5543416;-0,2223755
-0,03667333;-0,5543416;-0,2223755
-0,03667333;-0,5543416;-0,2223755
-0,03653589;-0,5556996;-0,2115952
-0,03653589;-0,5556996;-0,2115952
-0,04508128;-0,5556996;-0,2114838
-0,04508128;-0,5556996;-0,2114838
-0,04508128;-0,5556996;-0,2114838
-0,04508128;-0,5556996;-0,2114838
-0,04508128;-0,5556996;-0,2114838
-0,04508128;-0,5556996;-0,2114838
-0,04508128;-0,5556996;-0,2114838
-0,04508128;-0,5556996;-0,2114838
-0,05362663;-0,5556996;-0,2113693
-0,05348032;-0,5570535;-0,2005875
-0,05348032;-0,5570535;-0,2005875
-0,05348032;-0,5570535;-0,2005875
-0,05348032;-0,5570535;-0,2005875
-0,05348032;-0,5570535;-0,2005875
-0,053334;-0,558403;-0,1898056
-0,06187043;-0,558403;-0,1896866
-0,06187043;-0,558403;-0,1896866
-0,06187043;-0,558403;-0,1896866
-0,07040685;-0,558403;-0,189566
-0,07040685;-0,558403;-0,189566
-0,07040685;-0,558403;-0,189566
-0,07025164;-0,559748;-0,1787827
-0,07025164;-0,559748;-0,1787827
-0,07025164;-0,559748;-0,1787827
-0,07878353;-0,559748;-0,1786591
-0,07878353;-0,559748;-0,1786591
-0,07878353;-0,559748;-0,1786591
-0,07878353;-0,559748;-0,1786591
-0,07878353;-0,559748;-0,1786591
-0,0873154;-0,559748;-0,1785309
-0,0873154;-0,559748;-0,1785309
-0,0873154;-0,559748;-0,1785309
-0,0873154;-0,559748;-0,1785309
-0,08715131;-0,5610885;-0,1677475
-0,09567869;-0,5610885;-0,1676163
-0,09567869;-0,5610885;-0,1676163
-0,09567869;-0,5610885;-0,1676163
-0,09567869;-0,5610885;-0,1676163
-0,104206;-0,5610885;-0,1674805
-0,104206;-0,5610885;-0,1674805
-0,104206;-0,5610885;-0,1674805
-0,1040331;-0,5624248;-0,1566971
-0,1125559;-0,5624248;-0,1565582
-0,1125559;-0,5624248;-0,1565582
-0,1126912;-0,5695489;-0,1647827
-0,1126912;-0,5695489;-0,1647827
-0,1126912;-0,5695489;-0,1647827
-0,1210355;-0,5708806;-0,1538574
-0,1210355;-0,5708806;-0,1538574
-0,1210355;-0,5708806;-0,1538574
-0,1210355;-0,5708806;-0,1538574
-0,1209923;-0,5793355;-0,1512939
-0,1295129;-0,5793355;-0,151149
-0,1295129;-0,5793355;-0,151149
-0,1295129;-0,5793355;-0,151149
-0,1295129;-0,5793355;-0,151149
-0,1380334;-0,5793355;-0,1509995
-0,137988;-0,5877892;-0,1484329
-0,137988;-0,5877892;-0,1484329
-0,137988;-0,5877892;-0,1484329
-0,1463123;-0,589108;-0,1374954
-0,1463123;-0,589108;-0,1374954
-0,146461;-0,5962421;-0,1457108
-0,1040293;-0,5975564;-0,135347
-0,1547864;-0,6060037;-0,132132
-0,1547864;-0,6060037;-0,132132
-0,163299;-0,6060037;-0,1319702
-0,1632493;-0,61445;-0,129393
-0,1632493;-0,61445;-0,129393
-0,1717608;-0,61445;-0,1292267
-0,1717099;-0,6228952;-0,1266464
-0,1800029;-0,6241918;-0,1156891
-0,1800029;-0,6241918;-0,1156891
-0,1884557;-0,6326316;-0,1129303
-0,1884557;-0,6326316;-0,1129303
-0,1967341;-0,6339194;-0,1019653
-0,1969061;-0,6410705;-0,1101669
-0,1969061;-0,6410705;-0,1101669
-0,2054098;-0,6410705;-0,1099869
-0,2138569;-0,6495082;-0,1072113
-0,2138569;-0,6495082;-0,1072113
-0,2221197;-0,6507873;-0,09623566
-0,2221197;-0,6507873;-0,09623566
-0,2303148;-0,6604897;-0,08265839
-0,1964884;-0,6689164;-0,08026429
-0,2387801;-0,6689164;-0,07976837
-0,2470138;-0,6701779;-0,06877594
-0,2555004;-0,6701779;-0,06857147
-0,2555004;-0,6701779;-0,06857147
-0,2639226;-0,6785993;-0,06576081
-0,2129064;-0,679852;-0,05558319
-0,2638843;-0,6870196;-0,06304627
-0,2720932;-0,6882678;-0,05203858
-0,2805729;-0,6882678;-0,05182038
-0,2805053;-0,6966826;-0,04921112
-0,2382341;-0,6966826;-0,04963074
-0,2887153;-0,6979222;-0,03807831
-0,2974112;-0,7050965;-0,04602966
-0,3055909;-0,7063316;-0,03500366
-0,2633141;-0,7063316;-0,03542786
-0,3053034;-0,7075621;-0,024086
-0,3136972;-0,7159662;-0,02122955
-0,2714151;-0,7159662;-0,02166443
-0,3218575;-0,717188;-0,01006012
-0,2798129;-0,724369;-0,01867981
-0,2878775;-0,7339839;-0,00489502
-0,3386277;-0,7339839;-0,004032898
-0,3382947;-0,7351924;0,00676117
-0,2959195;-0,7435843;0,008911133
-0,3463218;-0,7447843;0,02059174
-0,3040233;-0,7447843;0,0201004
-0,3556595;-0,7440996;-0,04092407
-0,3041199;-0,7516589;0,01210022
-0,3544803;-0,75285;0,02382202
-0,2363442;-0,7545462;-0,01785278
-0,3705789;-0,7704547;0,04095154
-0,3283177;-0,7704547;0,04038696
-0,3786075;-0,7716237;0,05220184
-0,32782;-0,7799894;0,05395966
-0,3362238;-0,7799894;0,05440216
-0,3784675;-0,7799894;0,05515747
-0,3369966;-0,7721316;0,0007690452
-0,3866656;-0,7796466;0,05566406
-0,3355963;-0,7808024;0,06551056
-0,3024928;-0,7813131;0,01418915
-0,3942823;-0,7888066;0,06995239
-0,3432228;-0,7899491;0,0797348
-0,3515966;-0,7899491;0,08022004
-0,3431571;-0,7899491;0,08002167
-0,3440699;-0,7821221;0,02639313
-0,3935173;-0,7895932;0,08143616
-0,3530521;-0,7878613;0,007963561
-0,3936091;-0,7964446;0,07348786
-0,3514272;-0,7964446;0,07272797
-0,3524047;-0,7886609;0,01908417
-0,3511796;-0,7960886;0,07304841
-0,4017036;-0,7960886;0,07436676
-0,3590782;-0,7972136;0,08435517
-0,3521932;-0,7883272;0,01955109
-0,409343;-0,7968531;0,08589935
-0,3588164;-0,7968531;0,08469086
-0,3603752;-0,7879925;0,02025147
-0,318084;-0,7876588;0,01952515
-0,3582923;-0,796132;0,08535309
-0,3603323;-0,794535;0,01276245
-0,4004769;-0,8029823;0,07848664
-0,3079648;-0,8029823;0,07618256
-0,4016588;-0,7953038;0,02502594
-0,3581522;-0,8026218;0,07786255
-0,3497499;-0,8026218;0,07761383
-0,3597927;-0,80218;0,01623382
-0,4002776;-0,8094756;0,07124176
-0,3595937;-0,8018407;0,01641693
-0,3593946;-0,8015026;0,01659393
-0,3576842;-0,8170573;0,07323303
-0,357654;-0,8170573;0,07338257
-0,3594562;-0,8166828;0,01160126
-0,3572659;-0,8249896;0,07638397
-0,3566836;-0,8260617;0,08732605
-0,3585559;-0,8257043;0,02555694
-0,2660565;-0,8336383;0,02557526
-0,3496505;-0,8332825;0,02844086
-0,349882;-0,8401564;0,02050018
-0,3552268;-0,8493859;0,09652863
-0,3467174;-0,857657;0,0989029
-0,3544089;-0,8586896;0,1103119
-0,3984947;-0,8501455;0,04715271
-0,3629365;-0,8655311;0,102832
-0,3646015;-0,8580369;0,04918671
-0,3537364;-0,8661544;0,1135071
-0,3642108;-0,8659179;0,05219879
-0,3639922;-0,86554;0,05239411
-0,3613547;-0,8736002;0,1171799
-0,3606792;-0,874602;0,1281326
-0,3604687;-0,8828432;0,1309799
-0,3687069;-0,8828432;0,1316208
-0,4122973;-0,8753971;0,07941742
-0,328589;-0,8750054;0,07652436
-0,3288403;-0,8818612;0,0687317
-0,3759398;-0,8898291;0,1356857
-0,3752127;-0,8908043;0,1466538
-0,3861079;-0,8824444;0,0827118
-0,3838366;-0,889411;0,1367127
-0,3837806;-0,889411;0,1368729
-0,3947585;-0,8810774;0,0729477
-0,441659;-0,8889929;0,1399033
-0,4027792;-0,8806856;0,07368317
-0,3587784;-0,8876083;0,1260483
-0,4502248;-0,8876083;0,1302292
-0,4114533;-0,8793274;0,06395721
-0,367418;-0,8862282;0,1162933
-0,4588149;-0,8862282;0,1205795
-0,366766;-0,8789806;0,1246857
-0,4195428;-0,870726;0,06270295
-0,38655;-0,8775904;0,05362701
-0,3870683;-0,8762453;0,04317322
-0,4749881;-0,8840422;0,1123718
-0,3836579;-0,8840422;0,1081345
-0,432566;-0,8849997;0,1217178
-0,4823047;-0,8849997;0,1243607
-0,3909749;-0,8849997;0,1200088
-0,4350824;-0,8695772;0,06573486
-0,4405725;-0,8763898;0,1203751
-0,3941166;-0,8682405;0,05336914
-0,4410086;-0,8750316;0,1101563
-0,4325151;-0,8832321;0,1123993
-0,3944393;-0,8751096;0,04595184
-0,4312977;-0,8837714;0,1237579
-0,3807047;-0,8847111;0,1320129
-0,4220642;-0,8847111;0,1344315
-0,4220095;-0,8847111;0,1345993
-0,2930284;-0,8766144;0,06305695
-0,4178723;-0,8752918;0,05944367
-0,3642361;-0,8829522;0,1213394
-0,4128817;-0,8838832;0,1353683
-0,4046114;-0,8838832;0,1348648
-0,3549274;-0,8838832;0,1320572
-0,4083532;-0,8758397;0,07077026
-0,3545662;-0,8834692;0,1325241
-0,3876338;-0,8834692;0,1345108
-0,3957875;-0,8834692;0,1353561
-0,3461387;-0,8834692;0,1324081
-0,3915072;-0,875452;0,07055818
-0,3880652;-0,882133;0,1245453
-0,3416986;-0,875064;0,06771851
-0,3794922;-0,8817235;0,1243347
-0,3299107;-0,8817235;0,1212326
-0,3711365;-0,8817235;0,124089
-0,2802359;-0,8817235;0,1183106
-0,3132075;-0,8817235;0,1205917
-0,3131089;-0,8817235;0,1208481
-0,3093286;-0,873759;0,05580292
-0,3468025;-0,8803961;0,1126114
-0,2972706;-0,8803961;0,1092484
-0,338464;-0,8803961;0,1122879
-0,3384174;-0,8803961;0,1124359
-0,2888912;-0,8803961;0,1089706
-0,3300799;-0,8803961;0,1120926
-0,2723595;-0,8803961;0,1078094
-0,3135447;-0,8803961;0,110968
-0,2688936;-0,8724585;0,04284668
-0,3060475;-0,8790731;0,09982758
-0,2565659;-0,8790731;0,09618225
-0,2895292;-0,8790731;0,0986618
-0,197794;-0,879991;0,1026382
-0,3295746;-0,879991;0,1130157
-0,2307125;-0,879991;0,1052338
-0,2636688;-0,879991;0,1078003
-0,3130515;-0,879991;0,1118469
-0,2636239;-0,879991;0,1079102
-0,2635807;-0,879991;0,1080124
-0,2635359;-0,879991;0,1081223
-0,2552998;-0,879991;0,1074402
-0,247065;-0,879991;0,1067551
-0,2470205;-0,879991;0,1068512
-0,2387852;-0,879991;0,1061585
-0,2387421;-0,879991;0,1062576
-0,2305084;-0,879991;0,1055588
-0,2716862;-0,879991;0,1089767
-0,1810535;-0,879991;0,1015091
-0,2634062;-0,879991;0,1083984
-0,2139975;-0,879991;0,1042328
-0,2633615;-0,879991;0,1085068
-0,2633615;-0,879991;0,1085068
-0,2139551;-0,879991;0,1043228
-0,2551272;-0,879991;0,1078094
-0,2551272;-0,879991;0,1078094
-0,2551272;-0,879991;0,1078094
-0,2057219;-0,879991;0,1036072
-0,2468929;-0,879991;0,1071091
-0,2468929;-0,879991;0,1071091
-0,2550829;-0,879991;0,1079147
-0,2605852;-0,8720791;0,04342499
-0,256;-0,8786723;0,09716644
-0,256;-0,8786723;0,09716644
-0,256;-0,8786723;0,09716644
-0,256;-0,8786723;0,09716644
-0,256;-0,8786723;0,09716644
-0,256;-0,8786723;0,09716644
-0,256;-0,8786723;0,09716644
-0,256;-0,8786723;0,09716644
-0,2570623;-0,8777545;0,08638916
-0,2570623;-0,8777545;0,08638916
-0,2570623;-0,8777545;0,08638916
-0,2570623;-0,8777545;0,08638916
-0,2570623;-0,8777545;0,08638916
-0,2570623;-0,8777545;0,08638916
-0,2570623;-0,8777545;0,08638916
-0,2570623;-0,8777545;0,08638916
-0,2570623;-0,8777545;0,08638916
-0,2652563;-0,8777545;0,0871994
-0,2652563;-0,8777545;0,0871994
-0,2652563;-0,8777545;0,0871994
-0,2652563;-0,8777545;0,0871994
-0,2652563;-0,8777545;0,0871994
-0,2652563;-0,8777545;0,0871994
-0,2734501;-0,8777545;0,08801117
-0,2734501;-0,8777545;0,08801117
-0,2734501;-0,8777545;0,08801117
-0,2734501;-0,8777545;0,08801117
-0,2734501;-0,8777545;0,08801117
-0,2816433;-0,8777545;0,08882751
-0,2816433;-0,8777545;0,08882751
-0,2816433;-0,8777545;0,08882751
-0,2898363;-0,8777545;0,08964844
-0,2898363;-0,8777545;0,08964844
-0,2898363;-0,8777545;0,08964844
-0,2898363;-0,8777545;0,08964844
-0,2980289;-0,8777545;0,09047089
-0,2980289;-0,8777545;0,09047089
-0,2980289;-0,8777545;0,09047089
-0,3062212;-0,8777545;0,09129792
-0,3062212;-0,8777545;0,09129792
-0,3062212;-0,8777545;0,09129792
-0,3062212;-0,8777545;0,09129792
-0,3144131;-0,8777545;0,09212647
-0,3144131;-0,8777545;0,09212647
-0,3144131;-0,8777545;0,09212647
-0,3226047;-0,8777545;0,0929596
-0,3226047;-0,8777545;0,0929596
-0,3226047;-0,8777545;0,0929596
-0,3307961;-0,8777545;0,0937973
-0,3307961;-0,8777545;0,0937973
-0,3307961;-0,8777545;0,0937973
-0,338987;-0,8777545;0,09463654
-0,338987;-0,8777545;0,09463654
-0,338987;-0,8777545;0,09463654
-0,3471775;-0,8777545;0,09548035
-0,3471775;-0,8777545;0,09548035
-0,3553677;-0,8777545;0,09632721
-0,3553677;-0,8777545;0,09632721
-0,3553677;-0,8777545;0,09632721
-0,3635576;-0,8777545;0,09717713
-0,3635576;-0,8777545;0,09717713
-0,3728716;-0,8768321;0,08726044
-0,3728716;-0,8768321;0,08726044
-0,3810652;-0,8768321;0,08811646
-0,3892584;-0,8768321;0,08897705
-0,3892584;-0,8768321;0,08897705
-0,3892584;-0,8768321;0,08897705
-0,3974514;-0,8768321;0,08984222
-0,3480736;-0,8768321;0,08561249
-0,3892218;-0,8768321;0,08913727
-0,3974142;-0,8768321;0,09000397
-0,3974142;-0,8768321;0,09000397
-0,3974142;-0,8768321;0,09000397
-0,4056065;-0,8768321;0,09087525
-0,406753;-0,8759055;0,08010712
-0,4149492;-0,8759055;0,08098145
-0,4149492;-0,8759055;0,08098145
-0,4149492;-0,8759055;0,08098145
-0,3655748;-0,8759055;0,07674255
-0,414916;-0,8759055;0,08115387
-0,414916;-0,8759055;0,08115387
-0,414916;-0,8759055;0,08115387
-0,414916;-0,8759055;0,08115387
-0,414916;-0,8759055;0,08115387
-0,374897;-0,8749745;0,06700287
-0,4160423;-0,8749745;0,07055817
-0,4160423;-0,8749745;0,07055817
-0,4160423;-0,8749745;0,07055817
-0,3748711;-0,8749745;0,06715851
-0,4160135;-0,8749745;0,07072907
-0,4160135;-0,8749745;0,07072907
-0,4160135;-0,8749745;0,07072907
-0,3666426;-0,8749745;0,06642609
-0,4159842;-0,8749745;0,07089996
-0,4159842;-0,8749745;0,07089996
-0,4159842;-0,8749745;0,07089996
-0,4159842;-0,8749745;0,07089996
-0,3666166;-0,8749745;0,06656952
-0,4077562;-0,8749745;0,07017823
-0,4089249;-0,874039;0,05941467
-0,3595585;-0,874039;0,05507508
-0,4006971;-0,874039;0,05869141
-0,3513319;-0,874039;0,05432434
-0,3924696;-0,874039;0,05796356
-0,3924696;-0,874039;0,05796356
-0,3936382;-0,8730993;0,04720001
-0,3442753;-0,8730993;0,04281464
-0,3854111;-0,8730993;0,04646912
-0,3854111;-0,8730993;0,04646912
-0,3854111;-0,8730993;0,04646912
-0,3854111;-0,8730993;0,04646912
-0,3372191;-0,8721549;0,03130188
-0,3783529;-0,8721549;0,03497162
-0,3783529;-0,8721549;0,03497162
-0,3289934;-0,8721549;0,03054047
-0,3712948;-0,8712062;0,02346954
-0,3712948;-0,8712062;0,02346954
-0,3712948;-0,8712062;0,02346954
-0,3712948;-0,8712062;0,02346954
-0,3712948;-0,8712062;0,02346954
-0,3712948;-0,8712062;0,02346954
-0,3712948;-0,8712062;0,02346954
-0,3712948;-0,8712062;0,02346954
-0,3712948;-0,8712062;0,02346954
-0,3712948;-0,8712062;0,02346954
-0,3712948;-0,8712062;0,02346954
-0,3721707;-0,878457;0,01540375
-0,3228134;-0,878457;0,01096344
-0,3639444;-0,878457;0,0146637
-0,3639444;-0,878457;0,0146637
-0,3639444;-0,878457;0,0146637
-0,3639444;-0,878457;0,0146637
-0,3639444;-0,878457;0,0146637
-0,3639444;-0,878457;0,0146637
-0,3639444;-0,878457;0,0146637
-0,3648199;-0,885711;0,006599426
-0,3648199;-0,885711;0,006599426
-0,3648199;-0,885711;0,006599426
-0,3648199;-0,885711;0,006599426
-0,3648199;-0,885711;0,006599426
-0,3659886;-0,8847579;-0,004164123
-0,3659886;-0,8847579;-0,004164123
-0,3659886;-0,8847579;-0,004164123
-0,3668636;-0,8920154;-0,01222534
-0,3668636;-0,8920154;-0,01222534
-0,3668636;-0,8920154;-0,01222534
-0,3668636;-0,8920154;-0,01222534
-0,3677385;-0,8992761;-0,02028351
-0,3631884;-0,8579995;0,03009796
-0,3681486;-0,8914391;-0,02264862
-0,3681486;-0,8914391;-0,02264862
-0,3690231;-0,8987031;-0,03070374
-0,3690231;-0,8987031;-0,03070374
-0,3690231;-0,8987031;-0,03070374
-0,3698975;-0,9059705;-0,0387558
-0,3710659;-0,9050086;-0,04951782
-0,3710659;-0,9050086;-0,04951782
-0,3719397;-0,9122792;-0,05756683
-0,3719397;-0,9122792;-0,05756683
-0,3682655;-0,878256;-0,01524201
-0,3720554;-0,9126703;-0,05721894
-0,3729286;-0,9199473;-0,06526184
-0,3740971;-0,9189811;-0,07602387
-0,3832373;-0,9262616;-0,08316498
-0,3795666;-0,8922282;-0,04085694
-0,3842312;-0,9339464;-0,09084626
-0,3842312;-0,9339464;-0,09084626
-0,3805609;-0,8998984;-0,04854126
-0,3843489;-0,934347;-0,09048767
-0,3852238;-0,9416407;-0,09851684
-0,3806805;-0,9002817;-0,04819947
-0,3853413;-0,9420447;-0,09815522
-0,3862156;-0,9493448;-0,1061783
-0,3862156;-0,9493448;-0,1061783
-0,3825474;-0,9152689;-0,06389008
-0,3872063;-0,9570587;-0,113829
-0,3835398;-0,9229693;-0,07156219
-0,3836573;-0,9233617;-0,07121124
-0,3957396;-0,957879;-0,1121902
-0,392078;-0,9237544;-0,06994476
-0,3958593;-0,9582888;-0,1118225
-0,396735;-0,9656089;-0,1198257
-0,3921986;-0,924147;-0,06959076
-0,3901585;-0,9666104;-0,04699097
-0,39135;-0,925858;-0,05849457
-0,3960035;-0,9677534;-0,1083405
-0,3914705;-0,9262509;-0,05814209
-0,395248;-0,9608364;-0,09997406
-0,3927681;-0,9256717;-0,06854095
-0,3928894;-0,9260642;-0,06819611
-0,3966641;-0,960684;-0,1099976
-0,3921356;-0,9191191;-0,05984497
-0,3967833;-0,9610929;-0,1096283
-0,3979605;-0,9601178;-0,1203873
-0,3934332;-0,9185328;-0,07025299
-0,3567024;-0,9605268;-0,1236084
-0,3935823;-0,9189212;-0,06973877
-0,3973713;-0,9535925;-0,1115021
-0,3948851;-0,9183297;-0,08014679
-0,3986721;-0,9530181;-0,1218948
-0,40073;-0,9593804;-0,1406342
-0,3961878;-0,9177337;-0,09055482
-0,3999729;-0,9524393;-0,1322876
-0,3999729;-0,9524393;-0,1322876
-0,3963079;-0,9181215;-0,09020233
-0,4012735;-0,951856;-0,1426788
-0,4021492;-0,9592088;-0,1506531
-0,4021492;-0,9592088;-0,1506531
-0,399666;-0,9238841;-0,1193298
-0,4034493;-0,9586241;-0,1610397
-0,4043244;-0,9659834;-0,1690079
-0,4043244;-0,9659834;-0,1690079
-0,4015349;-0,9390039;-0,1349106
-0,3554827;-0,9737606;-0,1811295
-0,3990667;-0,9801327;-0,1960693
-0,3945097;-0,9384035;-0,1460541
-0,3983072;-0,9731779;-0,1877335
-0,399181;-0,9805501;-0,1956909
-0,399181;-0,9805501;-0,1956909
-0,3954985;-0,9461766;-0,153656
-0,3992951;-0,9809676;-0,1953125
-0,400168;-0,9883466;-0,2032623
-0,400168;-0,9883466;-0,2032623
-0,3976685;-0,9529575;-0,1719879
-0,4023356;-0,9951512;-0,221582
-0,4023356;-0,9951512;-0,221582
-0,3977819;-0,9533615;-0,1716217
-0,4024489;-0,995575;-0,221196
-0,4024489;-0,995575;-0,221196
-0,3999515;-0,9601499;-0,189949
-0,4037434;-0,9949924;-0,2315674
-0,4037434;-0,9949924;-0,2315674
-0,4012459;-0,9595463;-0,2003342
-0,4050377;-0,9944054;-0,2419373
-0,3513846;-0,9599523;-0,2045242
-0,3988733;-1,001216;-0,260997
-0,3954882;-0,9583243;-0,2218659
-0,4001639;-1,000623;-0,2713638
-0,4001639;-1,000623;-0,2713638
-0,3908792;-0,965645;-0,1677872
-0,3996006;-0,99394;-0,263063
-0,4016518;-1,00032;-0,2817414
-0,3970879;-0,9584074;-0,2318909
-0,4020722;-0,9923024;-0,2841873
-0,3970425;-1,007678;-0,2276535
-0,3985767;-0,9580711;-0,2422867
-0,4035599;-0,9919742;-0,2945664
-0,3989994;-0,9500207;-0,2447433
-0,4048502;-0,9913511;-0,3049316
-0,3943914;-0,9573679;-0,190683
-0,3983894;-0,9926543;-0,2321991
-0,4053547;-0,9923368;-0,3045685
-0,3994553;-1,00038;-0,2401337
-0,3998144;-0,9516827;-0,2440338
-0,4047926;-0,9856192;-0,2962814
-0,3955179;-0,9506111;-0,1928299
-0,4042307;-0,9788985;-0,287999
-0,405522;-0,9502407;-0,2022888
-0,4142319;-0,9785234;-0,2974426
-0,4166017;-0,976366;-0,3189407
-0,406151;-0,9424331;-0,2047745
-0,4169165;-0,9770495;-0,3185684
-0,4110193;-0,9851989;-0,2541428
-0,4112202;-0,9854932;-0,2541626
-0,3668768;-0,9775864;-0,3232132
-0,404341;-0,9355105;-0,2696472
-0,4034121;-0,977677;-0,2574066
-0,4095329;-0,9697391;-0,3218323
-0,3990398;-0,9358708;-0,207721
-0,4042297;-0,9701298;-0,2598892
-0,4052994;-0,9778429;-0,2678131
-0,4114191;-0,969822;-0,3322296
-0,4126034;-0,9686971;-0,3429733
-0,4126034;-0,9686971;-0,3429733
-0,3973747;-0,9420919;-0,175235
-0,4122366;-0,9621879;-0,3347138
-0,4074995;-0,9694095;-0,2810585
-0,4124338;-0,9624429;-0,3347237
-0,4076969;-0,9696864;-0,2810768
-0,409248;-0,9194139;-0,2958092
-0,408317;-0,9617893;-0,283551
-0,4085154;-0,9620618;-0,2835602
-0,4075287;-0,9634952;-0,2728378
-0,4019758;-0,9227741;-0,2124588
-0,3610361;-0,9496691;-0,3229111
-0,3986588;-0,9570228;-0,265374
-0,4047979;-0,948755;-0,3297562
-0,4000364;-0,9561257;-0,2761246
-0,4004063;-0,9068279;-0,2801361
-0,3935202;-0,957966;-0,2035011
-0,4046125;-0,9424772;-0,3215164
-0,4057961;-0,9412906;-0,332254
-0,4010346;-0,9487225;-0,2786385
-0,40686;-0,9489676;-0,340168
-0,4020994;-0,9564223;-0,2865425
-0,3965254;-0,915692;-0,2262123
-0,4005377;-0,9511291;-0,2675766
-0,4054911;-0,9438774;-0,321196
-0,4066744;-0,9426731;-0,3319313
-0,4066744;-0,9426731;-0,3319313
-0,401915;-0,9501934;-0,2783142
-0,3961638;-0,9592425;-0,2139984
-0,4001278;-0,9534363;-0,2568955
-0,4050793;-0,9460968;-0,3105072
-0,4062624;-0,9448794;-0,3212418
-0,4074457;-0,9436575;-0,3319755
-0,4015028;-0,9524918;-0,2676506
-0,4005135;-0,9539905;-0,2569206
-0,4007063;-0,9542667;-0,2569405
-0,4056578;-0,9468614;-0,3105446
-0,4068409;-0,9456307;-0,3212776
-0,4068409;-0,9456307;-0,3212776
-0,3519419;-0,9520695;-0,2831772
-0,3877277;-0,9625466;-0,2041916
-0,3988566;-0,946382;-0,3221077
-0,3940725;-0,954126;-0,2685318
-0,399045;-0,9466325;-0,3221207
-0,399045;-0,9466325;-0,3221207
-0,4002278;-0,9453797;-0,3328514
-0,3896603;-0,9121793;-0,2189507
-0,3996492;-0,9385892;-0,3245972
-0,3936834;-0,947634;-0,2602997
-0,3986549;-0,9400967;-0,3138809
-0,3947426;-0,9553402;-0,2682121
-0,3997141;-0,9477814;-0,3217934
-0,4008968;-0,9465155;-0,3325218
-0,394931;-0,955613;-0,2682289
-0,3939379;-0,9571549;-0,257518
-0,3989084;-0,9495522;-0,3110916
-0,4009613;-0,9557195;-0,3297157
-0,4009613;-0,9557195;-0,3297157
-0,3949966;-0,9648696;-0,265432
-0,3999672;-0,9572445;-0,3190018
-0,3951851;-0,9651457;-0,2654503
-0,4001556;-0,9574991;-0,3190163
-0,4013382;-0,9562201;-0,3297432
-0,3953747;-0,9654228;-0,265464
-0,4003443;-0,9577538;-0,31903
-0,3964333;-0,9731397;-0,2733749
-0,3968035;-0,9232103;-0,2773613
-0,4006363;-0,9584094;-0,3186745
-0,4006363;-0,9584094;-0,3186745
-0,4006363;-0,9584094;-0,3186745
-0,3898916;-0,9756581;-0,2008652
-0,4010132;-0,9589188;-0,3187042
-0,4010132;-0,9589188;-0,3187042
-0,4010132;-0,9589188;-0,3187042
-0,396233;-0,9669296;-0,265168
-0,3448234;-0,9169144;-0,2739723
-0,3929875;-0,9508292;-0,3219856
-0,3929875;-0,9508292;-0,3219856
-0,3950394;-0,9569677;-0,3405998
-0,3890507;-0,9663014;-0,2763436
-0,3952234;-0,9572135;-0,3406136
-0,3892348;-0,9665742;-0,2763619
-0,3882378;-0,9681601;-0,2656578
-0,3944094;-0,9590239;-0,3299202
-0,3944094;-0,9590239;-0,3299202
-0,3955913;-0,9577051;-0,3406425
-0,3955913;-0,9577051;-0,3406425
-0,3849861;-0,9248382;-0,2268562
-0,3878374;-0,9616664;-0,2574402
-0,3940079;-0,9524776;-0,3216934
-0,3948773;-0,9599248;-0,3295807
-0,3948773;-0,9599248;-0,3295807
-0,3960592;-0,9585973;-0,3403015
-0,3840853;-0,9775544;-0,2118301
-0,3940636;-0,9617568;-0,3188896
-0,3880772;-0,9712749;-0,2546608
-0,3930658;-0,9633431;-0,3081848
-0,3930658;-0,9633431;-0,3081848
-0,3942476;-0,9620115;-0,3189057
-0,3942476;-0,9620115;-0,3189057
-0,3882624;-0,9715558;-0,2546768
-0,3884464;-0,9718366;-0,254702
-0,3874489;-0,973458;-0,2440033
-0,3924366;-0,9654605;-0,2975159
-0,3936184;-0,9641199;-0,3082352
-0,3936184;-0,9641199;-0,3082352
-0,3948;-0,9627749;-0,3189545
-0,3842005;-0,9300981;-0,2052139
-0,3930334;-0,9573288;-0,2999977
-0,394215;-0,9559793;-0,3107162
-0,3894112;-0,9642752;-0,2572289
-0,3943989;-0,9562338;-0,3107338
-0,3955803;-0,9548756;-0,3214508
-0,3955803;-0,9548756;-0,3214508
-0,3967617;-0,9535131;-0,3321678
-0,3907776;-0,9631886;-0,2679619
-0,3957644;-0,9551257;-0,3214668
-0,3966334;-0,9625762;-0,329351
-0,3966334;-0,9625762;-0,329351
-0,3966334;-0,9625762;-0,329351
-0,3880861;-0,936045;-0,23424
-0,3977856;-0,9706834;-0,3368744
-0,3918026;-0,9804115;-0,272673
-0,3979696;-0,9709336;-0,3368904
-0,3979696;-0,9709336;-0,3368904
-0,3979696;-0,9709336;-0,3368904
-0,4000189;-0,9770178;-0,3554802
-0,3906052;-0,9430519;-0,2525139
-0,3994343;-0,9702069;-0,3472481
-0,3483067;-0,9688223;-0,3628471
-0,387069;-0,977214;-0,3053024
-0,3860686;-0,978871;-0,2946091
-0,393124;-0,976768;-0,3666801
-0,3896734;-0,9330094;-0,3279221
-0,393533;-0,9683102;-0,3691475
-0,3887056;-0,9767414;-0,3156807
-0,3937124;-0,968547;-0,3691628
-0,3902639;-0,9247596;-0,3304222
-0,3881134;-0,9699367;-0,3074585
-0,3894747;-0,9687802;-0,3181839
-0,3944805;-0,9605418;-0,3716621
-0,385026;-0,926633;-0,2687683
-0,3938885;-0,9537073;-0,3634377
-0,3890619;-0,9622217;-0,3099869
-0,3894421;-0,911518;-0,3140335
-0,3953447;-0,9529076;-0,3737938
-0,3905191;-0,9614391;-0,3203415
-0,395524;-0,9531355;-0,3738083
-0,3967045;-0,9516981;-0,3845161
-0,3812483;-0,9278232;-0,217514
-0,3962921;-0,9450717;-0,3763107
-0,3902874;-0,955115;-0,3121643
-0,3964714;-0,9452953;-0,3763252
-0,3858433;-0,9129028;-0,2627998
-0,3967472;-0,9459115;-0,375975
-0,3979271;-0,9444524;-0,3866799
-0,3919224;-0,9545484;-0,322538
-0,3981064;-0,9446713;-0,3866928
-0,3826578;-0,9209922;-0,2197655
-0,3976946;-0,9380293;-0,3784943
-0,3976946;-0,9380293;-0,3784943
-0,3976946;-0,9380293;-0,3784943
-0,3937374;-0,9542;-0,3329308
-0,3939176;-0,954441;-0,3329483
-0,3929172;-0,956168;-0,3222702
-0,3990988;-0,9461594;-0,3863998
-0,3944788;-0,9036566;-0,3370484
-0,3995085;-0,9375858;-0,3888748
-0,3946854;-0,9463449;-0,3354599
-0,3936861;-0,9480801;-0,3247788
-0,3468702;-0,9380151;-0,3938744
-0,3910339;-0,9380151;-0,3897316
-0,3922133;-0,9365119;-0,4004295
-0,387052;-0,9542943;-0,3441887
-0,388616;-0,9016756;-0,3589706
-0,3864536;-0,9474436;-0,3359856
-0,3914766;-0,9388334;-0,389399
-0,3938349;-0,9358054;-0,4107926
-0,3878084;-0,9461641;-0,3466965
-0,3940096;-0,9360113;-0,4108063
-0,383346;-0,9038529;-0,2973999
-0,3934112;-0,9291264;-0,4026001
-0,3945902;-0,9275972;-0,413295
-0,3945902;-0,9275972;-0,413295
-0,3897427;-0,9364741;-0,3599022
-0,3887394;-0,9382356;-0,3492256
-0,3889139;-0,9384633;-0,3492432
-0,393935;-0,9297439;-0,4026413
-0,3951138;-0,9282012;-0,4133347
-0,3951138;-0,9282012;-0,4133347
-0,3856321;-0,8945805;-0,3106568
-0,3824673;-0,9423664;-0,2769989
-0,3925076;-0,9248183;-0,3837761
-0,3925076;-0,9248183;-0,3837761
-0,3925076;-0,9248183;-0,3837761
-0,3864845;-0,9353864;-0,3197121
-0,3926823;-0,9250284;-0,3837906
-0,3866592;-0,9356228;-0,3197357
-0,3916784;-0,9267942;-0,3731148
-0,386834;-0,9358592;-0,319751
-0,3918532;-0,9270086;-0,3731301
-0,3858301;-0,9376556;-0,3090843
-0,3908493;-0,9287831;-0,3624558
-0,3908493;-0,9287831;-0,3624558
-0,3860058;-0,9378959;-0,3091004
-0,3922024;-0,9274375;-0,3731613
-0,3861805;-0,9381366;-0,3091202
-0,3923771;-0,9276519;-0,3731766
-0,3923771;-0,9276519;-0,3731766
-0,3923771;-0,9276519;-0,3731766
-0,3875345;-0,9368041;-0,3198334
-0,3879181;-0,8852834;-0,3239151
-0,386937;-0,9299433;-0,3116364
-0,3919542;-0,9209835;-0,3649963
-0,3931324;-0,9194016;-0,3756836
-0,3931324;-0,9194016;-0,3756836
-0,3931324;-0,9194016;-0,3756836
-0,3882897;-0,9285927;-0,3223427
-0,3933069;-0,9196115;-0,3756989
-0,3933069;-0,9196115;-0,3756989
-0,3933069;-0,9196115;-0,3756989
-0,3944849;-0,9180207;-0,3863846
-0,3884653;-0,9288251;-0,3223618
-0,3934816;-0,9198214;-0,3757141
-0,3934816;-0,9198214;-0,3757141
-0,3934816;-0,9198214;-0,3757141
-0,3946594;-0,9182264;-0,3863991
-0,3350105;-0,9290565;-0,3274345
-0,3858957;-0,9184319;-0,3872566
-0,379851;-0,9292883;-0,3232475
-0,3848883;-0,9202413;-0,3765884
-0,3848883;-0,9202413;-0,3765884
-0,386066;-0,9186374;-0,3872727
-0,3811989;-0,9279119;-0,3339462
-0,3771301;-0,9188429;-0,3882897
-0,3771301;-0,9188429;-0,3882897
-0,3783031;-0,9172304;-0,3989723
-0,3783031;-0,9172304;-0,3989723
-0,3734316;-0,9265219;-0,3456551
-0,3784689;-0,9174315;-0,3989883
-0,3796419;-0,91581;-0,4096703
-0,3701181;-0,8825163;-0,3070961
-0,3741613;-0,9182373;-0,3481606
-0,3791977;-0,909103;-0,40149
-0,3803705;-0,9074686;-0,4121697
-0,3803705;-0,9074686;-0,4121697
-0,3754997;-0,9168171;-0,3588585
-0,3805361;-0,9076609;-0,4121841
-0,3756662;-0,9170309;-0,3588806
-0,3818743;-0,9062055;-0,4228767
-0,3770042;-0,9155936;-0,3695725
-0,3820396;-0,9063935;-0,4228905
-0,3771698;-0,9158031;-0,36959
-0,3761639;-0,9176737;-0,3589363
-0,3823706;-0,9067695;-0,4229187
-0,3763292;-0,917888;-0,3589508
-0,3825361;-0,9069573;-0,4229324
-0,3825361;-0,9069573;-0,4229324
-0,3669771;-0,8849791;-0,2564476
-0,3760517;-0,911426;-0,3507996
-0,37708;-0,9191198;-0,3586754
-0,3821135;-0,9097672;-0,4119667
-0,3832855;-0,9080845;-0,4226395
-0,3832855;-0,9080845;-0,4226395
-0,3723805;-0,9289217;-0,3054298
-0,3717569;-0,8788096;-0,298838
-0,3757973;-0,9145643;-0,3398773
-0,3820007;-0,9034286;-0,4038239
-0,3831724;-0,9017286;-0,4144936
-0,3779982;-0,9205649;-0,3584251
-0,3721268;-0,9321853;-0,2945236
-0,3761513;-0,9246287;-0,3371437
-0,3823536;-0,9133932;-0,4010727
-0,3823536;-0,9133932;-0,4010727
-0,3785683;-0,8782156;-0,3597183
-0,3764055;-0,925227;-0,3368141
-0,3713995;-0,9444499;-0,2807884
-0,3754225;-0,9368235;-0,3233925
-0,3804512;-0,9272096;-0,376638
-0,3804512;-0,9272096;-0,376638
-0,3816227;-0,925492;-0,3873047
-0,3657713;-0,9134528;-0,2181915
-0,3796988;-0,9297292;-0,3656563
-0,3748367;-0,939623;-0,312442
-0,3810358;-0,9282166;-0,3763413
-0,3729613;-0,926486;-0,3880196
-0,3669291;-0,9381275;-0,3241478
-0,3684786;-0,8839869;-0,3388664
-0,3663164;-0,9312415;-0,3159721
-0,3632551;-0,9197788;-0,3808731
-0,3632551;-0,9197788;-0,3808731
-0,3597744;-0,8753101;-0,342382
-0,3495104;-0,9208602;-0,3311523
-0,355694;-0,9093624;-0,395034
-0,3415472;-0,9193253;-0,3428383
-0,3488792;-0,9060316;-0,4173798
-0,3361048;-0,8615174;-0,3799065
-0,3350895;-0,9071086;-0,3676598
-0,3401154;-0,8973206;-0,420871
-0,3259378;-0,9073143;-0,3686813
-0,3321068;-0,8957207;-0,4325478
-0,3283646;-0,9039394;-0,3900154
-0,3345331;-0,8923112;-0,4538796
-0,3296469;-0,9023353;-0,4006958
-0,3297867;-0,9025273;-0,4007164
-0,3299254;-0,9027188;-0,4007362
-0,3300652;-0,9029107;-0,4007568
-0,3362314;-0,8911735;-0,4645981
-0,3313471;-0,9012797;-0,4114296
-0,3266022;-0,9116175;-0,3582878
-0,3257385;-0,913876;-0,3476852
-0,3369246;-0,8920016;-0,4646767
-0,3380674;-0,8901574;-0,4753258
-0,3392101;-0,8883086;-0,4859741
-0,3236639;-0,8678361;-0,3199104
-0,3266657;-0,905745;-0,3502464
-0,3258024;-0,9080289;-0,3396492
-0,3287373;-0,8839973;-0,4682373
-0,3238522;-0,8943389;-0,4151146
-0,3239872;-0,8945214;-0,4151344
-0,3194841;-0,8519198;-0,3660507
-0,3020371;-0,9124236;-0,2805077
-0,3141701;-0,8977022;-0,405262
-0,3203194;-0,8854901;-0,4690178
-0,3214523;-0,8835846;-0,479657
-0,3024979;-0,8512686;-0,3784767
-0,2944517;-0,9120466;-0,2919655
-0,2950852;-0,8592847;-0,2960587
-0,3089754;-0,874112;-0,4431305
-0,3006538;-0,8721848;-0,4547668
-0,3017777;-0,8702532;-0,4654022
-0,2897453;-0,8953902;-0,338002
-0,2910769;-0,8497681;-0,3499031
-0,2890446;-0,8983189;-0,327121
-0,2941782;-0,8879825;-0,3802147
-0,2836552;-0,858047;-0,2675461
-0,2880615;-0,8725595;-0,4155182
-0,2891806;-0,8706062;-0,4261498
-0,2902994;-0,8686485;-0,4367813
-0,2747646;-0,8493549;-0,2710762
-0,2766205;-0,8894555;-0,2907272
-0,2817471;-0,878976;-0,3437927
-0,2886994;-0,8737837;-0,4152969
-0,2803129;-0,8718086;-0,4269234
-0,276799;-0,8269241;-0,3885521
-0,2697499;-0,8865089;-0,3127487
-0,2642439;-0,877943;-0,3561714
-0,2703602;-0,8651664;-0,4198189
-0,2619463;-0,863174;-0,4314369
-0,2619463;-0,863174;-0,4314369
-0,2368801;-0,844222;-0,266835
-0,2518497;-0,8563499;-0,4243065
-0,23631;-0,8693745;-0,361686
-0,2424118;-0,8565151;-0,4253159
-0,2287642;-0,8750607;-0,3811539
-0,23377;-0,8641855;-0,4341591
-0,2182184;-0,8772621;-0,3715408
-0,2243105;-0,8643507;-0,4351624
-0,2155586;-0,8718592;-0,4439735
-0,2166414;-0,8698406;-0,4545975
-0,1964525;-0,8399973;-0,3430145
-0,2053112;-0,8648667;-0,4368103
-0,1908205;-0,8759723;-0,3848145
-0,1958254;-0,8650317;-0,4378044
-0,1958254;-0,8650317;-0,4378044
-0,1968992;-0,8630044;-0,4484268
-0,1813265;-0,8761588;-0,3858086
-0,1873997;-0,8631651;-0,4494171
-0,1827763;-0,8201994;-0,400473
-0,1866291;-0,8560042;-0,4412598
-0,1816948;-0,8671488;-0,3883026
-0,1771208;-0,8561649;-0,442247
-0,1779062;-0,8636767;-0,4500816
-0,1729664;-0,8748428;-0,3971283
-0,1779703;-0,8638374;-0,4501068
-0,1673468;-0,8340845;-0,337616
-0,1761997;-0,8588786;-0,4313583
-0,167675;-0,8568339;-0,4429382
-0,167675;-0,8568339;-0,4429382
-0,1616714;-0,8700924;-0,3793778
-0,1666744;-0,8590436;-0,4323448
-0,1570845;-0,8590436;-0,4333
-0,1570845;-0,8590436;-0,4333
-0,151082;-0,8723285;-0,3697441
-0,1464939;-0,8612577;-0,4236588
-0,1418751;-0,818252;-0,3747467
-0,1457241;-0,8540902;-0,4155068
-0,1311783;-0,8653517;-0,3635246
-0,1361803;-0,8542595;-0,4164841
-0,1361803;-0,8542595;-0,4164841
-0,1169891;-0,8542595;-0,4183678
-0,1169891;-0,8542595;-0,4183678
-0,1073929;-0,8542595;-0,4193039
-0,1073929;-0,8542595;-0,4193039
-0,09779644;-0,8542595;-0,4202362
-0,09855576;-0,8617743;-0,4280701
-0,09958535;-0,859721;-0,4386925
-0,08397961;-0,8730574;-0,3760796
-0,08898067;-0,8619437;-0,4290314
-0,08898067;-0,8619437;-0,4290314
-0,07937584;-0,8619437;-0,429956
-0,07937584;-0,8619437;-0,429956
-0,07937584;-0,8619437;-0,429956
-0,07937584;-0,8619437;-0,429956
-0,07337456;-0,8753064;-0,3664139
-0,06877022;-0,8641708;-0,4202866
-0,06877022;-0,8641708;-0,4202866
-0,06877022;-0,8641708;-0,4202866
-0,06877022;-0,8641708;-0,4202866
-0,05916462;-0,8641708;-0,4212044
-0,1157625;-0,8641708;-0,4158714
-0,06859761;-0,8641708;-0,4203156
-0,06859761;-0,8641708;-0,4203156
-0,05899162;-0,8641708;-0,421228
-0,04938526;-0,8641708;-0,4221375
-0,04938526;-0,8641708;-0,4221375
-0,04938526;-0,8641708;-0,4221375
-0,03977833;-0,8641708;-0,4230431
-0,0301712;-0,8641708;-0,4239441
-0,0301712;-0,8641708;-0,4239441
-0,02129383;-0,8716888;-0,4326752
-0,0116827;-0,8716888;-0,4335693
-0,00207119;-0,8716888;-0,4344589
-0,00207119;-0,8716888;-0,4344589
0,007540512;-0,8716888;-0,4353447
0,007540512;-0,8716888;-0,4353447
0,01715279;-0,8716888;-0,4362267
0,01715279;-0,8716888;-0,4362267
0,02676544;-0,8716888;-0,4371048
0,03637829;-0,8716888;-0,4379784
-0,01060753;-0,8716888;-0,4335388
0,03655834;-0,8716888;-0,4379639
0,03655834;-0,8716888;-0,4379639
0,05212059;-0,8850779;-0,3752922
0,05607662;-0,8814418;-0,4369354
0,009066582;-0,8814418;-0,432502
0,0658741;-0,8814418;-0,4377663
0,009244155;-0,8814418;-0,432502
0,06536331;-0,8889663;-0,4455704
0,07498512;-0,8889663;-0,4464172
0,02797623;-0,8889663;-0,4420189
0,08411026;-0,8964942;-0,4550545
0,08411026;-0,8964942;-0,4550545
0,04605408;-0,9040252;-0,4593239
0,04624386;-0,9040252;-0,4593086
0,1030706;-0,9040252;-0,4644623
0,1075476;-0,8609994;-0,4155548
0,0561245;-0,9043884;-0,4597816
0,1129742;-0,9043884;-0,4649086
0,06594906;-0,9043884;-0,4605705
0,1228004;-0,9043884;-0,46567
0,08540802;-0,9043884;-0,4621429
0,08559895;-0,9043884;-0,4621117
0,14685;-0,8613426;-0,4182633
0,1528244;-0,8972141;-0,4597962
0,1057753;-0,8972141;-0,4554954
0,1059612;-0,8972141;-0,455455
0,1622112;-0,9047514;-0,4682709
0,1151617;-0,9047514;-0,4640038
0,1860197;-0,8616856;-0,4208573
0,1353375;-0,8975738;-0,4573341
0,1825987;-0,8975738;-0,461515
0,1451691;-0,8975738;-0,4580307
0,1447502;-0,9051145;-0,4657974
0,2016617;-0,9051145;-0,470681
0,1545893;-0,9051145;-0,4664787
0,1686602;-0,8620286;-0,4182686
0,164715;-0,9054772;-0,4667542
0,1649076;-0,9054772;-0,4666862
0,174752;-0,9054772;-0,4673317
0,236541;-0,926439;-0,4163322
0,1849009;-0,91526;-0,4651909
0,1988771;-0,8721542;-0,416954
0,2047045;-0,915626;-0,4661026
0,2145563;-0,915626;-0,4667038
0,214748;-0,915626;-0,4666153
0,280863;-0,9231793;-0,4797348
0,2329849;-0,9211214;-0,4863358
0,2372127;-0,8779955;-0,4373787
0,243707;-0,9139338;-0,4786598
0,2439035;-0,9139338;-0,4785545
0,2680874;-0,934931;-0,4239647
0,2731226;-0,9312903;-0,4852959
0,2733218;-0,9312903;-0,485183
0,2779171;-0,942695;-0,4321205
0,2772417;-0,8958897;-0,4439659
0,2838725;-0,9318447;-0,4851708
0,2840737;-0,9318447;-0,4850578
0,2408443;-0,9508368;-0,4359528
0,2843311;-0,939593;-0,4925606
0,2840545;-0,9471623;-0,5002465
0,226657;-0,9450915;-0,5064247
0,2786772;-0,9661824;-0,4541527
0,2748455;-0,9549171;-0,507045
0,274588;-0,9624929;-0,5147293
0,2741689;-0,9604177;-0,5252647
0,2252274;-0,9383759;-0,4162674
0,2226793;-0,9745508;-0,4568436
0,2568119;-0,9632422;-0,5126747
0,2663015;-0,9708242;-0,5209206
0,2602883;-0,9276382;-0,4714081
0,2614919;-0,9751393;-0,4590462
0,2574651;-0,9713941;-0,519735
0,2175715;-0,939723;-0,41437
0,2016098;-0,9643754;-0,5073547
0,3062133;-0,9719638;-0,5223122
0,2587814;-0,9719638;-0,5188972
0,2563589;-0,940294;-0,4164802
0,3112786;-0,9862079;-0,458149
0,2601554;-0,9748124;-0,5077729
0,2128617;-0,9748124;-0,5043312
0,3105904;-0,9370648;-0,4803986
0,2645878;-0,9868031;-0,4541405
0,2686898;-0,9458472;-0,3946427
0,2622422;-0,9780611;-0,495977
0,3197992;-0,9780611;-0,4996353
0,262446;-0,9780611;-0,4958679
0,3200047;-0,9780611;-0,4995041
0,276162;-0,9994146;-0,4404228
0,2760482;-0,9446688;-0,4445358
0,3253509;-0,9945182;-0,4246849
0,274262;-0,9830365;-0,474472
0,2641631;-0,9809351;-0,4845238
0,3120228;-0,9809351;-0,4875908
0,3217955;-0,9809351;-0,4880714
0,2678735;-0,992634;-0,4314705
0,2643128;-0,9887347;-0,4921288
0,3219774;-0,9887347;-0,4956307
0,2645149;-0,9887347;-0,4920235
0,3149398;-0,943319;-0,4569077
0,2646978;-0,979407;-0,4944344
0,3122299;-0,9870147;-0,5051941
0,2636616;-0,9925111;-0,5205147
0,254079;-0,9925111;-0,519944
0,3114169;-1,000125;-0,5311211
0,2578042;-1,013956;-0,4639992
0,3122812;-1,00243;-0,5203919
0,3119203;-1,010047;-0,5281548
0,2642077;-1,010047;-0,525116
0,2669996;-0,9743418;-0,4840103
0,3124885;-1,010446;-0,5275322
0,2549499;-1,010446;-0,5240852
0,3123543;-1,01807;-0,5351616
0,3221644;-1,01807;-0,5356033
0,2683949;-1,031927;-0,4685776
0,3259027;-0,9770337;-0,4761276
0,2757173;-1,013155;-0,5137749
0,2759281;-1,013155;-0,513665
0,3337302;-1,013155;-0,516906
0,2924708;-0,9836723;-0,4016418
0,3445119;-1,015868;-0,5062203
0,2868743;-1,015868;-0,5028877
0,3545347;-1,015868;-0,506488
0,3225173;-0,984272;-0,4023193
0,3075084;-1,008836;-0,4953835
0,3077117;-1,008836;-0,4952606
0,3691917;-1,022771;-0,4347771
0,2732244;-1,030626;-0,4368935
0,3185569;-1,018992;-0,4924645
0,3187595;-1,018992;-0,4923325
0,325063;-0,9895729;-0,3799019
0,3197359;-1,011962;-0,4839973
0,3678984;-1,011962;-0,4866066
0,2655143;-1,025974;-0,4171959
0,3106465;-1,012165;-0,483297
0,3588338;-1,012165;-0,4858452
0,2530178;-1,012165;-0,4801613
0,2562818;-1,024068;-0,427002
0,3019437;-1,012369;-0,4823654
0,3021425;-1,012369;-0,4822411
0,3017121;-1,017862;-0,5005158
0,3019179;-1,017862;-0,5003914
0,3021237;-1,017862;-0,5002655
0,2543164;-1,017862;-0,49767
0,2570299;-0,9744364;-0,4487518
0,2549105;-1,016116;-0,5075294
0,3033597;-1,016116;-0,5096733
0,3035698;-1,016116;-0,509552
0,3136379;-1,016116;-0,509716
0,313848;-1,016116;-0,5095863
0,323917;-1,016116;-0,5097381
0,2783647;-1,03567;-0,4621193
0,2785167;-0,9805044;-0,4662048
0,33511;-1,016709;-0,5089996
0,2773715;-1,016709;-0,5064392
0,3354793;-1,014555;-0,519236
0,3356927;-1,014555;-0,5190971
0,2420197;-1,026488;-0,4618187
0,2883668;-1,012584;-0,5271996
0,3366735;-1,010418;-0,5396072
0,278912;-1,010418;-0,5372849
0,2814682;-1,022363;-0,4840866
0,3394949;-0,9649599;-0,5009117
0,2801983;-1,00118;-0,5392799
0,2323132;-0,9990008;-0,5478806
0,3312268;-1,010959;-0,4981522
0,2813079;-0,996986;-0,559919
0,2736054;-1,016603;-0,5143051
0,2624108;-1,004797;-0,5669373
0,2648129;-1,018991;-0,5031067
0,3116661;-1,004966;-0,5681359
0,2170837;-1,02463;-0,5196571
0,254493;-1,012781;-0,5737671
0,3161199;-0,9911903;-0,4705971
0,2572351;-1,029828;-0,4988694
0,3060794;-1,030026;-0,5001206
0,2466353;-1,018112;-0,5514908
0,2470128;-1,025764;-0,5590294
0,1931712;-1,016377;-0,3999596
0,2869955;-1,028737;-0,5487472
0,2885716;-1,040899;-0,4956841
0,2292189;-1,028919;-0,5472649
0,2803399;-1,005235;-0,4543747
0,2214281;-1,043932;-0,4830002
0,2129212;-1,000595;-0,4341599
0,1428741;-1,030272;-0,5447068
0,2316779;-1,04252;-0,4935028
0,2319847;-1,042723;-0,4934517
0,2232081;-1,001602;-0,4340874
0,2227865;-1,038113;-0,4745606
0,2120468;-1,023738;-0,5380135
0,2122679;-1,023738;-0,5379257
0,14646;-1,004843;-0,3824524
0,1951107;-1,046132;-0,4024963
0,1836623;-1,019462;-0,5188873
0,2325586;-1,017201;-0,5302345
0,183832;-1,017201;-0,5294442
0,244492;-1,051997;-0,4214882
0,1959288;-1,05473;-0,4101898
0,2534998;-1,030145;-0,5167457
0,1946387;-1,037813;-0,5236847
0,2545027;-1,050328;-0,4714897
0,2669786;-1,038923;-0,2853676
0,2162165;-1,060721;-0,4280808
0,2654876;-1,063228;-0,4181473
0,2748204;-1,056191;-0,4893944
0,2864757;-1,086106;-0,3624809
0,2974016;-1,047571;-0,292778
0,2472168;-1,073957;-0,3748291
0,2958483;-1,061417;-0,428315
0,3058855;-1,061417;-0,4283135
0,2474752;-1,076491;-0,3641624
0,3082946;-1,055905;-0,2605423
0,3165962;-1,067087;-0,406707
0,257331;-1,067087;-0,4060112
0,3167634;-1,067087;-0,4065765
0,3175111;-1,079951;-0,3537827
0,26766;-1,067324;-0,4059441
0,3183129;-1,038838;-0,2945457
0,2780371;-1,062577;-0,3871468
0,2681779;-1,060285;-0,3976853
0,3276798;-1,060285;-0,3981735
0,2683414;-1,060285;-0,3975784
0,3283223;-1,016601;-0,3495117
0,2685647;-1,053004;-0,3893791
0,2687247;-1,053004;-0,389267
0,2588314;-1,053004;-0,3891983
0,2589914;-1,053004;-0,3890946
0,3084575;-1,053004;-0,3895104
0,2591513;-1,053004;-0,388987
0,249258;-1,053004;-0,3889305
0,3087777;-1,053004;-0,3892563
0,1900577;-1,053004;-0,3884277
0,2396842;-1,053004;-0,3886826
0,2992044;-1,053004;-0,3889397
0,2498973;-1,053004;-0,3885231
0,2993643;-1,053004;-0,3888168
0,2500571;-1,053004;-0,3884186
0,2502168;-1,053004;-0,3883141
0,299684;-1,053004;-0,3885697
0,2503764;-1,053004;-0,3882141
0,2505359;-1,053004;-0,3881096
0,3000034;-1,053004;-0,3883232
0,3100565;-1,053004;-0,3882385
0,2506956;-1,053004;-0,3880051
0,2609082;-1,053004;-0,387812
0,3204288;-1,053004;-0,3878868
0,2711206;-1,053004;-0,3876022
0,3306412;-1,053004;-0,3876495
0,2813329;-1,053004;-0,3873795
0,3408535;-1,053004;-0,3873993
0,291545;-1,053004;-0,3871491
0,3118095;-1,053004;-0,3867714
0,3119686;-1,053004;-0,3866417
0,3714889;-1,053004;-0,3865753
0,3322324;-1,053004;-0,3862267
0,3323913;-1,053004;-0,3860886
0,3426022;-1,053004;-0,385791
0,362865;-1,053004;-0,3853142
0,3730753;-1,053004;-0,3849838
0,432595;-1,053004;-0,3847694
0,3442369;-1,050708;-0,3949593
0,393867;-1,050708;-0,3947464
0,404085;-1,050708;-0,3943741
0,3752925;-1,048407;-0,4043488
0,4249263;-1,048407;-0,404039
0,375791;-1,048407;-0,4038857
0,4357457;-1,046102;-0,4138855
0,4359159;-1,046102;-0,4137093
0,3870639;-1,043792;-0,4242386
0,3773453;-1,043792;-0,4241898
0,3281727;-1,056682;-0,3712837
0,37868;-1,041695;-0,4340759
0,4286517;-1,039372;-0,4440911
0,3694496;-1,039372;-0,4445129
0,3701338;-1,037045;-0,4548187
0,3609814;-1,042395;-0,4731415
0,3005154;-1,013921;-0,3617066
0,3518656;-1,035314;-0,4646843
0,3424975;-1,032974;-0,4753265
0,3432416;-1,03063;-0,4856575
0,3324949;-1,045885;-0,4223259
0,3823524;-1,046105;-0,4214302
0,3239396;-1,033371;-0,4751328
0,2652301;-1,031018;-0,4865799
0,30421;-1,043968;-0,4330322
0,3625543;-1,061903;-0,3576546
0,2955511;-1,033966;-0,4753189
0,3541373;-1,04935;-0,4104378
0,355836;-1,034165;-0,4736855
0,3037139;-1,065011;-0,3478073
0,3563046;-1,036936;-0,4627304
0,2953591;-1,052397;-0,4006653
0,3453569;-1,052626;-0,3994202
0,4150726;-1,055233;-0,3868607
0,3672175;-1,039927;-0,4512627
0,3658149;-1,055466;-0,3878059
0,3750314;-1,011975;-0,3388
0,3161083;-1,051031;-0,3700607
0,3573194;-1,038039;-0,4218124
0,3579505;-1,035652;-0,4322518
0,4060632;-1,051268;-0,3676315
0,356534;-1,051505;-0,3688744
0,3581389;-1,03847;-0,4214607
0,3481649;-1,03847;-0,4217606
0,3488091;-1,036074;-0,4322098
0,347139;-1,051742;-0,3687973
0,3372809;-1,051979;-0,369162
0,3988895;-1,038901;-0,4199555
0,299897;-1,036496;-0,4332077
0,4098819;-1,036496;-0,4297432
0,3708063;-1,034087;-0,441211
0,3714933;-1,031674;-0,4516457
0,3701442;-0,9879321;-0,4030373
0,3822738;-1,021966;-0,4533531
0,3804048;-1,037686;-0,3899414
0,3929798;-1,022165;-0,4525665
0,3931658;-1,022165;-0,4524071
0,4040698;-1,019739;-0,4623024
0,3944777;-1,027422;-0,470356
0,3432624;-1,040737;-0,4190872
0,3833218;-0,983853;-0,4220184
0,3960782;-1,025574;-0,4799484
0,3261083;-1,025574;-0,4825066
0,373945;-1,041345;-0,4173317
0,436636;-1,025763;-0,4782059
0,324443;-1,041561;-0,418927
0,3664116;-1,028396;-0,47015
0,3173628;-1,025953;-0,4823456
0,3031057;-0,9979932;-0,371048
0,3544372;-1,037141;-0,3987419
0,4148619;-1,037361;-0,3962052
0,296757;-1,024132;-0,4537651
0,4077513;-1,02168;-0,4596764
0,2977343;-1,02168;-0,4640884
0,2933224;-1,05105;-0,3480621
0,2857662;-1,038019;-0,4011154
0,3383597;-1,024726;-0,4514588
0,3363956;-0,9809246;-0,4029503
0,3991856;-1,014961;-0,4509979
0,3361509;-1,030938;-0,3905273
0,2857808;-1,033627;-0,3819992
0,3283108;-1,020291;-0,4328407
0,3291329;-1,017822;-0,4432678
0,319092;-1,017822;-0,4437599
0,3795218;-1,017822;-0,4407883
0,3192744;-1,017822;-0,4436264
0,3092349;-1,017822;-0,4441223
0,2991945;-1,017822;-0,4446266
0,2993772;-1,017822;-0,4445069
0,3495805;-1,017822;-0,4420769
0,3006949;-1,023038;-0,4626289
0,3508967;-1,023038;-0,4601799
0,300885;-1,023038;-0,4625038
0,3581972;-1,039067;-0,3962631
0,309021;-0,9794099;-0,41343
0,3714814;-1,015928;-0,4505753
0,3214296;-1,015928;-0,4529366
0,3823957;-1,023621;-0,457444
0,3323474;-1,023621;-0,4598198
0,3928188;-1,023621;-0,4566185
0,4030535;-1,023621;-0,4559464
0,3530056;-1,023621;-0,4583328
0,4134751;-1,023621;-0,4551003
0,3634284;-1,023621;-0,457505
0,3713435;-0,9797796;-0,4083435
0,4203919;-1,032368;-0,3828972
0,37375;-1,016507;-0,4484932
0,4342572;-1,016507;-0,4451744
0,3739343;-1,016507;-0,4483421
0,3748494;-1,014021;-0,4587402
0,3750378;-1,014021;-0,4585846
0,3649856;-1,014021;-0,4591477
0,3549336;-1,014021;-0,4597107
0,3456168;-1,01153;-0,4708351
0,3458102;-1,01153;-0,4706909
0,3960727;-1,01153;-0,4679291
0,2856916;-1,01153;-0,4739113
0,3368944;-1,009035;-0,4815415
0,3268433;-1,009035;-0,4821335
0,3270423;-1,009035;-0,4819977
0,3169916;-1,009035;-0,4825981
0,3774956;-1,009035;-0,478978
0,2671345;-1,009035;-0,4852402
0,3144301;-1,032812;-0,4267944
0,3176998;-1,019411;-0,479232
0,3658791;-0,9730505;-0,4385323
0,307919;-1,009601;-0,4823547
0,3081175;-1,009601;-0,4822311
0,3096592;-1,014797;-0,5003189
0,3607217;-1,012289;-0,5078316
0,300381;-1,012289;-0,5114983
0,3475996;-1,025882;-0,4559166
0,3007067;-1,012461;-0,5114059
0,3517927;-1,009944;-0,5188743
0,2892309;-0,9635425;-0,4848763
0,2919137;-1,00011;-0,5249695
0,3396692;-1,021419;-0,4770027
0,342936;-1,007975;-0,5295502
0,28966;-1,021603;-0,48004
0,3408421;-0,9719433;-0,4888687
0,360578;-1,032419;-0,4721283
0,3033895;-1,018933;-0,5284592
0,3646649;-1,026645;-0,5321693
0,3606938;-1,042853;-0,4691353
0,3678796;-1,009375;-0,4172882
0,3234735;-1,032447;-0,5130249
0,3745185;-1,040165;-0,5174843
0,3208478;-1,064146;-0,465168
0,3689637;-1,028132;-0,4214432
0,370857;-1,067489;-0,4511108
0,3141593;-1,061623;-0,5151375
0,3646931;-1,061623;-0,5119026
0,2974583;-1,041731;-0,412275
0,3507245;-1,078575;-0,4492134
0,3515956;-1,028693;-0,461171
0,3046087;-1,0628;-0,5149788
0,3566307;-1,06799;-0,5298576
0,3525337;-1,084379;-0,4668739
0,2901539;-1,04577;-0,4409057
0,2793213;-1,048922;-0,4307312
0,3369049;-1,069344;-0,5304985
0,3383183;-1,074526;-0,5486473
0,3324141;-1,052135;-0,4557343
0,2734522;-1,091604;-0,4893593
0,3223129;-1,063255;-0,4531922
0,326672;-1,047309;-0,5157784
0,3299202;-1,091802;-0,5634369
0,2653368;-1,11611;-0,5121605
0,3086403;-1,099158;-0,3949326
0,3120895;-1,096318;-0,4440888
0,3164654;-1,080291;-0,506646
0,3197245;-1,124852;-0,5542359
0,3081293;-1,114013;-0,3804413
0,3222317;-1,100765;-0,4316964
0,3247923;-1,148173;-0,4687805
0,3337431;-1,051026;-0,4425697
0,3404982;-1,1299;-0,5405731
0,3393545;-1,119189;-0,3660782
0,3498417;-1,125517;-0,5213234
0,3543369;-1,103255;-0,4278168
0,2958437;-1,08186;-0,4763542
0,3403427;-1,110719;-0,3678551
0,3408491;-1,052984;-0,3720596
0,3511536;-1,117976;-0,5222282
0,3469364;-1,134879;-0,4593911
0,2827974;-1,098554;-0,4233391
0,3294956;-1,10834;-0,3491646
0,3415289;-1,11958;-0,5222573
0,3423647;-1,116938;-0,532766
0,3354967;-1,097367;-0,4297379
0,3298336;-1,168713;-0,3440148
0,3370312;-1,140529;-0,4487259
0,2801184;-1,131435;-0,5232849
0,3215824;-1,115996;-0,3675117
0,3200388;-1,181213;-0,3417168
0,3272701;-1,152777;-0,4463577
0,3322573;-1,14354;-0,516674
0,2675846;-1,155463;-0,4791733
0,3224337;-1,12859;-0,3644081
0,3211187;-1,183518;-0,341613
0,3332756;-1,145168;-0,5163849
0,3349529;-1,139752;-0,5373673
0,3345558;-1,127496;-0,3739319
0,3340342;-1,1311;-0,3631531
0,3361692;-1,171372;-0,3925285
0,2817293;-1,139384;-0,5117149
0,331728;-1,159344;-0,4740067
0,324267;-1,13272;-0,3637558
0,3231304;-1,128521;-0,3454651
0,345126;-1,141225;-0,5066849
0,284232;-1,135714;-0,5319588
0,3285706;-1,168424;-0,4136398
0,3203499;-1,144969;-0,2930702
0,3410994;-1,152657;-0,4362625
0,3422627;-1,090461;-0,4512535
0,3501877;-1,106954;-0,5639771
0,3457317;-1,180513;-0,3412888
0,3561403;-1,12435;-0,3345924
0,2997017;-1,146775;-0,4308067
0,3672934;-1,128998;-0,4888611
0,3690186;-1,123394;-0,5097901
0,3541346;-1,137928;-0,2926514
0,3042421;-1,118778;-0,3300118
0,3676937;-1,122977;-0,4805977
0,3691826;-1,128001;-0,4985726
0,365674;-1,143307;-0,4465462
0,2955441;-1,12493;-0,3485367
0,346986;-1,120797;-0,3266029
0,2953373;-1,132646;-0,4927269
0,3489176;-1,129803;-0,4994568
0,3453604;-1,145214;-0,4474655
0,3374573;-1,129784;-0,334642
0,2806993;-1,151992;-0,4308151
0,3395515;-1,138855;-0,5074806
0,2770432;-1,135991;-0,5224602
0,3234644;-1,114661;-0,4267341
0,3264216;-1,152109;-0,4663612
0,3231401;-1,10762;-0,4189407
0,3311876;-1,134511;-0,5284325
0,2646874;-1,157929;-0,4885475
0,3222073;-1,139675;-0,5471718
0,3151562;-1,110522;-0,447789
0,3187414;-1,155865;-0,4948708
0,3160597;-1,1192;-0,4549713
0,3250032;-1,143114;-0,5748215
0,3213724;-1,158738;-0,5229027
0,3186911;-1,122052;-0,4830177
0,3137448;-1,133384;-0,412854
0,3223936;-1,089035;-0,5297226
0,2629333;-1,131314;-0,5917153
0,3094013;-1,17062;-0,4915642
0,3008133;-1,147915;-0,3715996
0,3158281;-1,135516;-0,5772324
0,3038364;-1,092645;-0,5591087
0,3030394;-1,145813;-0,5466927
0,2915472;-1,135827;-0,3853127
0,2944855;-1,184775;-0,421975
0,3040552;-1,086678;-0,5511131
0,3041162;-1,137026;-0,5491226
0,3016537;-1,089298;-0,5122895
0,2962132;-1,172851;-0,4347946
0,2967594;-1,112512;-0,4394875
0,3040934;-1,142127;-0,5382019
0,3087072;-1,123159;-0,6004181
0,297126;-1,113514;-0,4392433
0,2967705;-1,106413;-0,4314949
0,2930969;-1,135957;-0,5310585
0,2931988;-1,13614;-0,531099
0,294383;-1,072045;-0,546061
0,2845772;-1,164446;-0,4094574
0,2887648;-1,087448;-0,465844
0,2962193;-1,105725;-0,5673065
0,2868895;-1,099575;-0,5889862
0,2708145;-1,109768;-0,3659554
0,275918;-1,137691;-0,436348
0,2687229;-1,121649;-0,4890183
0,273315;-1,102283;-0,5511116
0,2707396;-1,054157;-0,514341
0,2543802;-1,127722;-0,4408371
0,2582182;-1,111612;-0,4925934
0,2585468;-1,050222;-0,4971428
0,2511692;-1,084658;-0,5476944
0,246674;-1,10429;-0,4856766
0,2367685;-1,039748;-0,5015076
0,2240503;-1,096964;-0,4796417
0,2243814;-1,035494;-0,4842201
0,2167471;-1,080972;-0,5318047
0,2167471;-1,080972;-0,5318047
0,2030766;-1,032747;-0,4959763
0,1948433;-1,070338;-0,5360802
0,1803532;-1,02521;-0,4898826
0,1840044;-1,059697;-0,5394806
0,1729212;-1,059697;-0,5403412
0,1729212;-1,059697;-0,5403412
0,1573425;-1,079379;-0,4791977
0,1421003;-1,037538;-0,4226769
0,1376032;-1,058738;-0,5143898
0,1228113;-1,075347;-0,4636261
0,1154673;-1,058903;-0,5161186
0,09539185;-1,098445;-0,3930039
0,08729839;-1,085302;-0,4351654
0,06436902;-1,088629;-0,4264885
0,05756817;-1,080007;-0,4863892
0,03749256;-1,119751;-0,3633156
0,02939301;-1,106541;-0,4054291
0,01754971;-1,109885;-0,3959183
-0,0008996964;-1,093272;-0,4491096
-0,0119957;-1,093272;-0,4498985
-0,02758026;-1,113233;-0,3887695
-0,0394249;-1,116585;-0,3792396
0,01925602;-1,107839;-0,4343185
-0,04644299;-1,107839;-0,4390366
-0,06864434;-1,107839;-0,440564
-0,07923909;-1,115752;-0,448774
-0,02482396;-1,115752;-0,4448204
-0,09002838;-1,123667;-0,4569405
-0,1122452;-1,123667;-0,4584221
-0,05734024;-1,131586;-0,4619217
-0,1230551;-1,131586;-0,4665543
-0,06816006;-1,139508;-0,4700691
-0,1338785;-1,139508;-0,4746697
-0,07946816;-1,139508;-0,4707535
-0,07966232;-1,139508;-0,4707253
-0,09481354;-1,167443;-0,4169266
-0,0913931;-1,150767;-0,4684837
-0,1566826;-1,158695;-0,4804054
-0,102248;-1,158695;-0,4765716
-0,1024435;-1,158695;-0,4765305
-0,04774933;-1,166626;-0,4801575
-0,1019606;-1,163498;-0,4942314
-0,1718866;-1,183535;-0,4366631
-0,1135231;-1,174771;-0,4919647
-0,1137239;-1,174771;-0,4919182
-0,1246332;-1,182708;-0,4999527
-0,1248384;-1,182708;-0,4999024
-0,1246183;-1,190648;-0,5072762
-0,1248263;-1,190648;-0,5072296
-0,1250365;-1,190648;-0,5071747
-0,1282464;-1,145482;-0,4600746
-0,1478179;-1,191063;-0,5078873
-0,1480252;-1,191063;-0,5078225
-0,1482355;-1,191063;-0,5077659
-0,1508118;-1,142745;-0,4710571
-0,2142218;-1,1804;-0,5142617
-0,1591744;-1,177263;-0,5211731
-0,1185338;-1,140004;-0,4786545
-0,1705255;-1,174534;-0,5315232
-0,1707444;-1,174534;-0,5314575
-0,1709623;-1,174534;-0,5313835
-0,1771223;-1,146227;-0,4327599
-0,1830898;-1,167196;-0,524025
-0,1829448;-1,175145;-0,5313736
-0,1826629;-1,171995;-0,541684
-0,182886;-1,171995;-0,541613
-0,1866523;-1,192083;-0,479599
-0,1319632;-1,1301;-0,4809387
-0,1847557;-1,167803;-0,5231484
-0,1956807;-1,164649;-0,5339745
-0,1959011;-1,164649;-0,5338905
-0,1445538;-1,192714;-0,4762062
-0,1454548;-1,196091;-0,4657654
-0,2089241;-1,17931;-0,5207421
-0,1569352;-1,134047;-0,4706696
-0,2095284;-1,168608;-0,5230385
-0,2241247;-1,188771;-0,4614754
-0,1669556;-1,171968;-0,5100876
-0,1785706;-1,171968;-0,5103783
-0,2336986;-1,171968;-0,5130516
-0,2474068;-1,126686;-0,4663925
-0,2483077;-1,181448;-0,4539017
-0,1912367;-1,164624;-0,5026504
-0,1368942;-1,164624;-0,4997986
-0,2470272;-1,164624;-0,5049011
-0,2580902;-1,161458;-0,5155655
-0,1923409;-1,161458;-0,5124893
-0,2696041;-1,158287;-0,5259911
-0,2171149;-1,112987;-0,4763634
-0,2157994;-1,150737;-0,5153343
-0,2157031;-1,155518;-0,5329651
-0,2709135;-1,155518;-0,5351963
-0,2821458;-1,163476;-0,5428208
-0,2182683;-1,118156;-0,4930653
-0,2297834;-1,126508;-0,5002018
-0,2944973;-1,172258;-0,5491169
-0,228499;-1,180229;-0,5538582
-0,2948147;-1,188202;-0,5635605
-0,2305671;-1,150819;-0,5214474
-0,2326028;-1,113805;-0,4813499
-0,2863664;-1,160008;-0,5293323
-0,2827325;-1,204824;-0,6419972
-0,2200224;-1,192216;-0,5558316
-0,2640621;-1,211823;-0,5613201
-0,2669762;-1,164527;-0,4935368
-0,2530999;-1,268042;-0,5823765
-0,2398438;-1,275628;-0,6551167
-0,2968903;-1,304091;-0,6017464
-0,2344262;-1,271034;-0,4831368
-0,2237201;-1,264054;-0,4746864
-0,2094618;-1,301833;-0,579034
-0,2081628;-1,35604;-0,6324032
-0,1980789;-1,334608;-0,6072994
-0,2031407;-1,354085;-0,4580441
-0,2006411;-1,395399;-0,5521523
-0,1997007;-1,453143;-0,5950653
-0,1995754;-1,387319;-0,6104469
-0,2132984;-1,471061;-0,5431507
-0,2134966;-1,419888;-0,5450684
-0,1709531;-1,391053;-0,5110794
-0,2910817;-1,412703;-0,6042358
-0,2492807;-1,49989;-0,5249344
-0,1940185;-1,448591;-0,5252682
-0,1964137;-1,464883;-0,4452034
-0,2498647;-1,423046;-0,5419575
-0,2856024;-1,369448;-0,4881741
-0,2979198;-1,420574;-0,4572788
-0,2431789;-1,482907;-0,4221802
-0,3195992;-1,448607;-0,5267128
-0,2651525;-1,402639;-0,4788139
-0,2214619;-1,389988;-0,4520031
-0,2792139;-1,386657;-0,3689938
-0,3449143;-1,399684;-0,4529808
-0,3565136;-1,391559;-0,4456539
-0,2451398;-1,375317;-0,4286056
-0,1795514;-1,36351;-0,3363278
-0,1679004;-1,330101;-0,3730385
-0,2016552;-1,313906;-0,3591423
-0,3365022;-1,297723;-0,3460552
-0,2022097;-1,289636;-0,3369785
-0,1466579;-1,257317;-0,3068295
-0,135767;-1,241176;-0,2920395
-0,1134835;-1,216986;-0,2700249
-0,2257038;-1,197708;-0,2665264
-0,2368793;-1,227614;-0,2979443
-0,2039427;-1,161978;-0,2469551
-0,2599922;-1,145909;-0,2323494
-0,1256254;-1,129851;-0,21717
-0,1818379;-1,11063;-0,2128098
-0,249117;-1,140583;-0,2441757
-0,3275877;-1,075054;-0,1934063
-0,2829222;-1,06705;-0,1856426
-0,2272272;-1,093838;-0,2274021
-0,2274504;-1,093486;-0,2274899
-0,2164101;-1,093133;-0,2277886
-0,3395784;-1,092782;-0,22729
-0,2836047;-1,084446;-0,2203121
-0,3504512;-1,038224;-0,1735001
-0,2950557;-1,084098;-0,2200706
-0,2953354;-1,091724;-0,227594
-0,2171779;-1,091372;-0,2286316
-0,2179247;-1,136815;-0,2752594
-0,32888;-1,060471;-0,1964386
-0,2625527;-1,106249;-0,2436638
-0,329237;-1,0681;-0,2037914
-0,1960477;-1,11386;-0,2520374
-0,1071154;-1,121467;-0,2612427
-0,207049;-1,08335;-0,2209435
-0,3185846;-1,08335;-0,2191582
-0,2516641;-1,08335;-0,2202751
-0,3186747;-1,08335;-0,2190277
-0,140402;-1,08335;-0,2218864
-0,1738646;-1,08335;-0,2214455
-0,1628036;-1,08335;-0,2216339
-0,2855756;-1,08335;-0,2191433
-0,2968185;-1,08335;-0,2188034
-0,2411447;-1,08335;-0,219791
-0,2412348;-1,08335;-0,2196957
-0,1744104;-1,08335;-0,2210114
-0,2415057;-1,08335;-0,2193981
-0,2972677;-1,08335;-0,2181927
-0,252838;-1,08335;-0,218922
-0,319841;-1,08335;-0,2173206
-0,2641692;-1,08335;-0,2184406
-0,2642592;-1,08335;-0,2183323
-0,2643488;-1,08335;-0,2182194
-0,3425908;-1,08335;-0,2161308
-0,2869201;-1,08335;-0,21731
-0,3535399;-1,086533;-0,2051968
-0,2978655;-1,086533;-0,2063942
-0,2975616;-1,089713;-0,1958824
-0,2972489;-1,092887;-0,1853779
-0,3642337;-1,092887;-0,1835621
-0,3746572;-1,099224;-0,1623547
-0,3208327;-1,086555;-0,2328426
-0,3752759;-1,103757;-0,1799061
-0,3194963;-1,114895;-0,1781937
-0,3197447;-1,134014;-0,1824512
-0,3753597;-1,145153;-0,177993
-0,3864584;-1,156291;-0,1745338
-0,3214066;-1,154804;-0,2425125
-0,3197586;-1,205396;-0,1817654
-0,3739593;-1,181923;-0,1276138
-0,3086146;-1,247206;-0,1799202
-0,3663954;-1,264944;-0,2488018
-0,366304;-1,294954;-0,2498962
-0,3636924;-1,326984;-0,1540432
-0,3646761;-1,343338;-0,1957039
-0,368368;-1,340893;-0,327216
-0,36679;-1,45134;-0,2709866
-0,3628798;-1,437473;-0,128236
-0,3672479;-1,455142;-0,2905594
-0,3693097;-1,544712;-0,3612434
-0,3700053;-1,588;-0,3858601
-0,3641584;-1,657034;-0,1747261
-0,3667651;-1,66517;-0,2738403
-0,3732605;-1,581102;-0,5054077
-0,3690231;-1,733951;-0,3496342
-0,3658461;-1,83238;-0,2341103
-0,3692139;-1,835697;-0,3529076
-0,3616423;-1,855192;-0,4858048
-0,3619072;-1,77162;-0,497348
-0,3476766;-1,88845;-0,3872852
-0,3478666;-1,948392;-0,3932354
-0,3501363;-2,104466;-0,4795841
-0,3494893;-2,070575;-0,4603233
-0,3384684;-2,054581;-0,4802956
-0,3373666;-2,278853;-0,4432373
-0,3262276;-2,306352;-0,4537636
-0,3259598;-2,527658;-0,454451
-0,3009764;-2,454476;-0,3612702
-0,2943902;-2,182333;-0,5309166
-0,3258193;-2,305436;-0,4554253
-0,3592986;-2,347105;-0,4511665
-0,3936249;-2,33168;-0,472068
-0,4623554;-2,291597;-0,5100288
-0,5493002;-2,10331;-0,7600857
-0,5922952;-2,202221;-0,6646221
-0,6288915;-2,157002;-0,7250199
-0,6886977;-1,985534;-0,8322533
-0,7561818;-1,943741;-0,7980953
-0,8511819;-1,67363;-0,9333283
-0,8953327;-1,645736;-0,8845646
-0,9559179;-1,515278;-0,9903984
-1,014732;-1,370532;-1,072133
-1,056818;-1,29641;-0,9684758
-1,140304;-0,8952799;-1,145124
-1,170949;-0,9584572;-1,050494
-1,227678;-0,6960194;-1,089642
-1,2714;-0,5448353;-1,087062
-1,31142;-0,4689575;-0,9839932
-1,38128;0,06772614;-1,16693
-1,421538;0,04237899;-1,061786
-1,450992;0,1846874;-0,9891518
-1,483797;0,4385712;-1,049509
-1,51369;0,5500153;-1,015987
-1,568308;1,363054;-1,151031
-1,594542;1,109526;-0,9989654
-1,637273;1,433283;-1,034757
-1,677314;1,583002;-1,002816
-1,721176;1,947949;-1,102998
-1,794594;2,777289;-1,185521
-1,842862;2,670723;-1,061538
-1,884893;2,989347;-1,099262
-1,923704;3,250413;-1,046461
-1,96448;3,529335;-1,100683
-2,058311;5,477484;-1,394848
-2,078113;4,353007;-0,9969605
-2,104541;4,796741;-0,9545013
-2,14482;5,011094;-1,00775
-2,160064;5,638874;-0,9863991
-2,16454;5,554752;-0,9524742
-2,16896;5,760317;-0,88797
-2,163169;6,026883;-0,8423653
-2,157078;6,119367;-0,8248054
-2,216194;6,720788;-0,9307709
-2,156493;6,577523;-0,783223
-2,152647;6,557381;-0,7607552
-2,150826;6,855156;-0,7888412
-2,148168;6,76932;-0,7543358
-2,147112;7,118206;-0,8106338
-2,143301;7,848662;-0,7972092
-2,142647;7,495914;-0,7883499
-2,143054;7,633646;-0,8186386
-2,142589;7,759553;-0,7927704
-2,146554;8,249073;-0,8984047
-2,147322;8,085421;-0,8863747
-2,146866;8,055249;-0,877343
-2,150138;8,329357;-0,9018616
-2,155034;8,468681;-1,010336
-2,159027;9,178698;-1,037807
-2,162485;8,646564;-1,093535
-2,163347;8,927745;-1,053703
-2,168917;9,058977;-1,163583
-2,169499;9,184672;-1,089857
-2,186675;9,655149;-1,220075
-2,188277;9,486011;-1,183836
-2,202229;9,605372;-1,218178
-2,214779;9,493121;-1,224185
-2,227492;9,811128;-1,211739
-2,240872;10,20437;-1,183668
-2,255847;9,845853;-1,244702
-2,267951;10,1844;-1,223398
-2,280221;10,08223;-1,207643
-2,291349;10,18046;-1,149242
-2,336248;11,13261;-1,079161
-2,357522;10,92014;-1,002398
-2,404802;11,05624;-1,019554
-2,44042;11,12119;-0,9999031
-2,463381;11,22363;-0,9440933
-2,507688;11,80946;-0,8398987
-2,54665;11,67408;-0,8965553
-2,570874;11,5971;-0,9437393
-2,593383;11,97789;-0,8525467
-2,62438;12,48976;-0,7174622
-2,647845;12,61068;-0,7137421
-2,659873;12,64524;-0,7266808
-2,682872;12,76488;-0,7145264
-2,694851;12,74619;-0,7351326
-2,729665;13,79912;-0,414402
-2,7435;13,40351;-0,5423424
-2,752584;13,58027;-0,4955345
-2,771638;13,69117;-0,4554512
-2,781747;13,73173;-0,4470887
-2,806674;14,57886;-0,2146431
-2,831214;14,26565;-0,3084221
-2,84139;14,23207;-0,3137871
-2,858939;14,55428;-0,222113
-2,879103;14,98979;-0,1343796
-2,891195;14,94937;-0,1592575
-2,913107;15,05682;-0,1460419
-2,934979;15,41184;-0,08898163
-2,946769;15,41335;-0,102243
-2,955436;16,03255;0,01009139
-2,967373;15,82868;-0,04057769
-2,978594;15,92578;-0,03285447
-2,989536;16,0763;-0,01478119
-2,988229;16,22364;0,01142044
-2,996544;16,70324;0,09359283
-2,998358;16,52221;0,04763031
-2,99684;16,72341;0,08132477
-2,994436;16,80339;0,1045593
-2,99345;16,80057;0,108197
-2,98845;17,49338;0,2269409
-2,988041;17,37268;0,2092758
-2,988342;17,31933;0,1981827
-2,986647;17,49958;0,227919
-2,985347;17,87745;0,2758064
-2,996825;17,71613;0,2521637
-2,997619;17,81687;0,2557579
-3,00812;17,92516;0,2682335
-3,00894;18,02599;0,2709503
-3,019763;18,52707;0,3151932
-3,032431;18,30364;0,2812363
-3,054157;18,28221;0,2801064
-3,053616;18,49895;0,3000565
-3,07517;18,54248;0,3052132
-3,094463;18,89701;0,3489426
-3,105627;18,77803;0,3370407
-3,127051;18,87578;0,3464882
-3,145461;18,96696;0,3760796
-3,16181;19,31538;0,4345245
-3,182261;19,12778;0,4319832
-3,202138;19,21145;0,4498543
-3,224942;19,16058;0,4412918
-3,235405;19,35615;0,4539619
-3,276491;19,63544;0,4852715
